Reference,Date & Time (UTC),Transaction Type,Amount USD,Fee USD,Amount BTC,Fee BTC,BTC Price,Cost Basis (USD),Destination,Description,Transaction Hash,Note
75377817-cb55-7ab0-b46f-95f121770f0a,Jan 01 2024 13:02:22,Deposit,50.00,,,,,,,,,
64a5a104-43b2-bc3a-9a45-dfa5b75c9945,Jan 01 2024 13:03:00,Purchase,-50.00,,0.00119295,,41913.05,50.00,,,,
0c15a73f-4a27-ba52-ae08-672b8301ced5,Jan 02 2024 13:04:22,Deposit,100.00,,,,,,,,,
dfcbc3f7-5e21-90a8-32a5-c522af0d5d51,Jan 02 2024 13:05:00,Purchase,-100.00,,0.00228541,,43755.87,100.00,,,,
3a66d899-731c-f41b-0d29-f6306592f39c,Jan 04 2024 12:59:22,Deposit,25.00,,,,,,,,,
ff82c5bc-b5e1-8ee8-7814-32bd71cdf7f9,Jan 04 2024 13:00:00,Purchase,-25.00,,0.00058170,,42977.44,25.00,,,,
2c143e55-6641-d2d6-48a2-2cca8e0d3d44,Jan 05 2024 13:00:22,Deposit,50.00,,,,,,,,,
3339bd8c-ff15-8c4c-1ca7-1f8b0a998f37,Jan 05 2024 13:01:00,Purchase,-50.00,,0.00115060,,43455.53,50.00,,,,
49ea8d26-e6df-b152-9c40-566171e1b68b,Jan 06 2024 12:59:22,Deposit,50.00,,,,,,,,,
ec307bfe-5fbb-5829-0c15-67768d00f450,Jan 06 2024 13:00:00,Purchase,-50.00,,0.00112368,,44496.46,50.00,,,,
7898dcbe-86e9-c30b-993f-2a8a8896471c,Jan 07 2024 12:59:22,Deposit,20.00,,,,,,,,,
a40f98dc-c16a-7fb9-5593-f485a27b79da,Jan 07 2024 13:00:00,Purchase,-20.00,,0.00044398,,45047.41,20.00,,,,
b89e3f12-f63c-9d14-46ad-e4a52fa5a10e,Jan 08 2024 12:59:22,Deposit,20.00,,,,,,,,,
8655f24d-dcdf-c016-b0a6-0077b943c952,Jan 08 2024 13:00:00,Purchase,-20.00,,0.00043414,,46067.86,20.00,,,,
199ead4a-fb65-c077-4605-3b1c8113013d,Jan 09 2024 13:00:22,Deposit,50.00,,,,,,,,,
ec38f460-9d38-4d33-933f-6686bd951f6f,Jan 09 2024 13:01:00,Purchase,-50.00,,0.00106178,,47090.63,50.00,,,,
a70023f4-2238-7e98-e135-19bad331045a,Jan 10 2024 13:02:22,Deposit,20.00,,,,,,,,,
be82ba53-cce8-cfd5-3415-3dfe5cb04ff3,Jan 10 2024 13:03:00,Purchase,-20.00,,0.00042054,,47557.92,20.00,,,,
de128a07-a3d7-fbc4-105f-f52fa7a817cc,Jan 12 2024 13:02:22,Deposit,30.00,,,,,,,,,
72eee2fe-a3f0-3cd1-0296-eab17eafbe33,Jan 12 2024 13:03:00,Purchase,-30.00,,0.00062871,,47717.10,30.00,,,,
70ab9b31-5f4d-3866-3c6e-6a3d13ee4f01,Jan 13 2024 13:03:22,Deposit,100.00,,,,,,,,,
df5543ca-cd78-ca9e-44d9-a6669b45a3bf,Jan 13 2024 13:04:00,Purchase,-100.00,,0.00208164,,48039.12,100.00,,,,
d9d030c4-1168-5984-1961-be37c791ccda,Jan 15 2024 13:03:22,Deposit,100.00,,,,,,,,,
1086e7b6-69e5-2553-c1d8-84580ae414a1,Jan 15 2024 13:04:00,Purchase,-100.00,,0.00199794,,50051.60,100.00,,,,
9fb2a752-5dc2-b76a-ab96-f03be771ac3c,Jan 16 2024 12:59:22,Deposit,20.00,,,,,,,,,
890bef19-6a23-5026-6d36-d240ea122158,Jan 16 2024 13:00:00,Purchase,-20.00,,0.00039016,,51261.59,20.00,,,,
278dcecd-a0c3-0212-b399-29ecc0f574c9,Jan 17 2024 13:03:22,Deposit,25.00,,,,,,,,,
49b04310-c296-b6d4-5578-6351e292836f,Jan 17 2024 13:04:00,Purchase,-25.00,,0.00050035,,49965.17,25.00,,,,
ab473926-afea-94ba-d50a-77d8b4afeeb9,Jan 18 2024 13:00:22,Deposit,20.00,,,,,,,,,
f3528468-2200-c618-f4bc-794e2cb0754e,Jan 18 2024 13:01:00,Purchase,-20.00,,0.00039462,,50681.19,20.00,,,,
554fb17f-728b-716b-cfe1-1a3885ccb28c,Jan 19 2024 13:00:22,Deposit,50.00,,,,,,,,,
7cbbff04-e572-8645-5b37-da3fff65d071,Jan 19 2024 13:01:00,Purchase,-50.00,,0.00095897,,52139.31,50.00,,,,
45414158-5c09-26ef-f57d-4585ae27cc43,Jan 20 2024 13:00:22,Deposit,50.00,,,,,,,,,
06d435f1-32f4-0ddb-1d7f-cb3d48f729d8,Jan 20 2024 13:01:00,Purchase,-50.00,,0.00095198,,52521.86,50.00,,,,
60030c6a-db34-d88d-b8c6-df5bf89bc437,Jan 21 2024 13:02:22,Deposit,100.00,,,,,,,,,
e536ca15-c024-fd22-87b2-1cc915fe0696,Jan 21 2024 13:03:00,Purchase,-100.00,,0.00186364,,53658.32,100.00,,,,
1751b705-28cb-cc60-229b-b876ec085d32,Jan 22 2024 13:01:22,Deposit,25.00,,,,,,,,,
9a388ecf-7aee-0f38-2c77-adb08792ca25,Jan 22 2024 13:02:00,Purchase,-25.00,,0.00044214,,56542.62,25.00,,,,
fab6856f-6778-6767-b433-2f01fbaf8f58,Jan 23 2024 13:01:22,Deposit,50.00,,,,,,,,,
c741df1b-c5e3-ea00-6c3a-b85878fab5fd,Jan 23 2024 13:02:00,Purchase,-50.00,,0.00091603,,54583.21,50.00,,,,
6dbbc8e5-4738-7dc6-44f0-5df4af981c35,Jan 24 2024 13:02:22,Deposit,30.00,,,,,,,,,
168f3ea8-bb8b-0d3b-659b-afe2c9e45adc,Jan 24 2024 13:03:00,Purchase,-30.00,,0.00052377,,57276.56,30.00,,,,
225a7aa9-8c8e-bed5-5047-8265c332f10c,Jan 25 2024 12:59:22,Deposit,50.00,,,,,,,,,
23842c97-79e4-4501-bafe-8e45ed9bf72e,Jan 25 2024 13:00:00,Purchase,-50.00,,0.00085753,,58307.08,50.00,,,,
9bd84900-4b9f-0ff9-0d97-0b6ddc75cc78,Jan 26 2024 12:59:22,Deposit,20.00,,,,,,,,,
2d7898d6-2549-3ee8-f6a0-41053984e072,Jan 26 2024 13:00:00,Purchase,-20.00,,0.00034616,,57776.57,20.00,,,,
40f6ad9f-be1a-2418-c2f5-68c037ce716e,Jan 27 2024 13:00:22,Deposit,30.00,,,,,,,,,
36fc9a51-38f9-6b16-37da-0583c701f4b2,Jan 27 2024 13:01:00,Purchase,-30.00,,0.00052629,,57002.36,30.00,,,,
75f2a11b-434f-7abe-60cb-481fe9f65bae,Jan 28 2024 13:01:22,Deposit,30.00,,,,,,,,,
8524e98b-e0c5-0b7a-2c6f-49ada3321451,Jan 28 2024 13:02:00,Purchase,-30.00,,0.00052094,,57587.92,30.00,,,,
63f631cf-81b7-206f-2e1b-db1812926337,Jan 29 2024 13:04:22,Deposit,30.00,,,,,,,,,
c6675d3b-ed35-5ca5-ebaa-bdda76c8beec,Jan 29 2024 13:05:00,Purchase,-30.00,,0.00048826,,61442.05,30.00,,,,
01904909-76a0-8431-eb44-8b77892c62af,Jan 30 2024 13:04:22,Deposit,50.00,,,,,,,,,
5f391c21-abdd-370c-191a-4a741ce27d9c,Jan 30 2024 13:05:00,Purchase,-50.00,,0.00082541,,60575.97,50.00,,,,
44a2f1c8-2cd4-4f6f-c677-28da23ddbb6a,Jan 30 2024 20:34:22,Deposit,1000.00,,,,,,,,,
b095be4e-176b-4231-7490-a39ef0a6668f,Jan 30 2024 20:35:00,Purchase,-1000.00,,0.01644802,,60797.60,1000.00,,,,
40c18519-681e-02c8-b309-c7c3af256e01,Jan 31 2024 12:59:22,Deposit,25.00,,,,,,,,,
79afc50b-bb97-818c-0874-ac42c7d74d9a,Jan 31 2024 13:00:00,Purchase,-25.00,,0.00039694,,62982.58,25.00,,,,
e4646494-d45a-235a-40ad-d9e846345087,Feb 01 2024 13:04:22,Deposit,50.00,,,,,,,,,
770b2f4f-b5cf-f456-71d0-8d76625efae7,Feb 01 2024 13:05:00,Purchase,-50.00,,0.00082244,,60794.37,50.00,,,,
dc1cac13-ee17-c1c1-69ec-99e5d914ee23,Feb 02 2024 13:00:22,Deposit,100.00,,,,,,,,,
54cdae05-e6e2-8a53-23eb-2c5cc15a4545,Feb 02 2024 13:01:00,Purchase,-100.00,,0.00166897,,59917.23,100.00,,,,
1d99e953-4608-0eff-0f76-fede20786154,Feb 03 2024 13:01:22,Deposit,50.00,,,,,,,,,
1b1419a2-13d5-595e-b129-abc2d29f438a,Feb 03 2024 13:02:00,Purchase,-50.00,,0.00080287,,62276.84,50.00,,,,
d66132f9-da8b-4fff-5796-030e36dd1ab6,Feb 04 2024 12:59:22,Deposit,20.00,,,,,,,,,
0698299a-03aa-c056-aaff-14f4eaed19a0,Feb 04 2024 13:00:00,Purchase,-20.00,,0.00031768,,62957.24,20.00,,,,
6ab2480a-c5c5-39a1-8d2f-7be96953b162,Feb 05 2024 12:59:22,Deposit,20.00,,,,,,,,,
e0f46af9-a434-61ec-3091-2ae139096a66,Feb 05 2024 13:00:00,Purchase,-20.00,,0.00031872,,62751.46,20.00,,,,
98ae3845-8303-6ba8-4975-29ae140f13c1,Feb 08 2024 13:03:22,Deposit,20.00,,,,,,,,,
2dc5eb9a-62e4-2e3e-9ef7-748bc5aaef02,Feb 08 2024 13:04:00,Purchase,-20.00,,0.00031364,,63767.92,20.00,,,,
f3bfe59b-43c3-a29e-cd77-5fc2a6dda752,Feb 09 2024 13:04:22,Deposit,25.00,,,,,,,,,
f3ea3e59-c23c-af12-6404-4e9ce66a99db,Feb 09 2024 13:05:00,Purchase,-25.00,,0.00039161,,63838.56,25.00,,,,
20c491b1-0b39-07dc-accc-d65f46cbd494,Feb 10 2024 13:03:22,Deposit,50.00,,,,,,,,,
40204fd4-24de-d5ed-ecb7-5d0f78db11fb,Feb 10 2024 13:04:00,Purchase,-50.00,,0.00079506,,62888.22,50.00,,,,
3f248e22-7f29-1a0f-efad-b9951981f519,Feb 12 2024 12:59:22,Deposit,30.00,,,,,,,,,
09f24288-4888-0354-eb58-7f51a244fdc7,Feb 12 2024 13:00:00,Purchase,-30.00,,0.00044833,,66914.36,30.00,,,,
e56b1831-5ecf-9f7c-cf84-d09eca13bd8a,Feb 13 2024 12:59:22,Deposit,30.00,,,,,,,,,
8838ce76-a5a0-020d-33eb-798610216332,Feb 13 2024 13:00:00,Purchase,-30.00,,0.00044938,,66759.14,30.00,,,,
4c53589e-2e8d-a852-81cc-a1885e2f6c5f,Feb 14 2024 13:02:22,Deposit,50.00,,,,,,,,,
34d63e83-1228-e0f4-01c8-4ac0ffdc270c,Feb 14 2024 13:03:00,Purchase,-50.00,,0.00074542,,67076.41,50.00,,,,
f3ba9c12-ba2e-9651-c69c-3bf2e641607f,Feb 15 2024 13:00:22,Deposit,25.00,,,,,,,,,
c29fe01a-1a1c-36e4-7214-f0f17405193e,Feb 15 2024 13:01:00,Purchase,-25.00,,0.00037327,,66975.33,25.00,,,,
5233f726-daca-34a6-15a2-384d5b5e7143,Feb 16 2024 13:02:22,Deposit,20.00,,,,,,,,,
c50f2005-29df-4648-ed75-15f29bd07633,Feb 16 2024 13:03:00,Purchase,-20.00,,0.00030869,,64790.69,20.00,,,,
b7e68163-4ff5-511b-96d8-ae131550f327,Feb 17 2024 13:02:22,Deposit,100.00,,,,,,,,,
ead6a73a-737d-6c72-ff1d-46e5cb4e6b86,Feb 17 2024 13:03:00,Purchase,-100.00,,0.00147337,,67871.75,100.00,,,,
ead6a73a-737d-6c72-ff1d-46e5cb4e6b86,Feb 17 2024 13:03:00,Purchase,-100.00,,0.00147337,,67871.75,100.00,,,,
a411843e-ed5a-7955-72df-6fe80d77ad74,Feb 18 2024 13:01:22,Deposit,25.00,,,,,,,,,
0d11f1dc-f3ef-720d-64b9-720f95e0ee4c,Feb 18 2024 13:02:00,Purchase,-25.00,,0.00037585,,66515.05,25.00,,,,
5be02ca1-9d86-2a1b-13cb-e1bb5264a73f,Feb 20 2024 13:00:22,Deposit,25.00,,,,,,,,,
67ab8d81-2bbe-f3f9-eb26-e22c59235834,Feb 20 2024 13:01:00,Purchase,-25.00,,0.00036147,,69161.88,25.00,,,,
f4609d4f-bde0-9620-7ada-afee949587fb,Feb 21 2024 13:01:22,Deposit,25.00,,,,,,,,,
914b9e55-9554-5731-a4e8-b561ab4be593,Feb 21 2024 13:02:00,Purchase,-25.00,,0.00035962,,69518.35,25.00,,,,
0cf4ea40-a9f9-4ea3-f143-90c7eb2a1678,Feb 22 2024 13:02:22,Deposit,30.00,,,,,,,,,
602e2c6f-a1bc-4dbc-b09b-b9e26ede95dd,Feb 22 2024 13:03:00,Purchase,-30.00,,0.00042393,,70766.28,30.00,,,,
42469fa2-c20d-8d5e-465c-9f199fe70048,Feb 24 2024 13:03:22,Deposit,50.00,,,,,,,,,
9f39d5f7-038f-2bfd-8f3b-08514ae4b518,Feb 24 2024 13:04:00,Purchase,-50.00,,0.00070406,,71016.92,50.00,,,,
bdb19926-535a-a98b-3b40-49bfda536476,Feb 25 2024 13:01:22,Deposit,20.00,,,,,,,,,
3de2340f-b9b4-ea59-0374-4794642d320f,Feb 25 2024 13:02:00,Purchase,-20.00,,0.00028401,,70419.08,20.00,,,,
d16311f3-8129-0336-65b0-248bb5723066,Feb 26 2024 13:00:22,Deposit,50.00,,,,,,,,,
95036fb5-e35b-cd67-d3a3-e34fb912af3c,Feb 26 2024 13:01:00,Purchase,-50.00,,0.00071641,,69792.54,50.00,,,,
9e9e7d9d-62fb-50f3-ce23-4cc352b6a6c3,Feb 27 2024 12:59:22,Deposit,50.00,,,,,,,,,
7df88cbf-cf84-e338-ff74-0312f05ca493,Feb 27 2024 13:00:00,Purchase,-50.00,,0.00072197,,69254.91,50.00,,,,
2fe69ff8-a01d-3cea-cee1-1595fd49cf3f,Feb 28 2024 13:01:22,Deposit,50.00,,,,,,,,,
ff51c8fc-b9a1-014b-b0ac-3dbbdb177792,Feb 28 2024 13:02:00,Purchase,-50.00,,0.00072783,,68697.62,50.00,,,,
293a50a1-edd8-0f0a-cca3-f36afa59bd6f,Feb 29 2024 13:02:22,Deposit,50.00,,,,,,,,,
269819c7-23a8-2fd6-b299-da6dc8e505f6,Feb 29 2024 13:03:00,Purchase,-50.00,,0.00072045,,69400.81,50.00,,,,
e8d16be4-749d-da26-d895-87c7346079ef,Mar 02 2024 13:03:22,Deposit,100.00,,,,,,,,,
dd165840-8851-f012-a92d-b2c47338f273,Mar 02 2024 13:04:00,Purchase,-100.00,,0.00142997,,69931.39,100.00,,,,
aac7d643-568e-d81f-b3ad-f784bfb90117,Mar 03 2024 13:04:22,Deposit,25.00,,,,,,,,,
8c9b37ec-0c89-2796-5ead-182ffdad3582,Mar 03 2024 13:05:00,Purchase,-25.00,,0.00036828,,67883.58,25.00,,,,
bdae015e-40c6-9a23-574d-aef485a962db,Mar 05 2024 13:01:22,Deposit,100.00,,,,,,,,,
5cc70072-e685-1cd8-42b5-30def376689f,Mar 05 2024 13:02:00,Purchase,-100.00,,0.00147548,,67774.39,100.00,,,,
c4d6696d-5d40-987e-7be2-0f4ac6cd8231,Mar 06 2024 13:01:22,Deposit,50.00,,,,,,,,,
1a7fb108-c9cb-4158-5fae-42ad483a14f8,Mar 06 2024 13:02:00,Purchase,-50.00,,0.00072491,,68973.76,50.00,,,,
bd988ad5-af4e-1641-751f-85ed3f1ebfef,Mar 07 2024 13:02:22,Deposit,100.00,,,,,,,,,
343b2695-5860-5d27-f3a0-93cb3a402efe,Mar 07 2024 13:03:00,Purchase,-100.00,,0.00145828,,68573.86,100.00,,,,
80a1ea46-19a1-2c2c-857c-2065cc9439fd,Mar 09 2024 13:04:22,Deposit,100.00,,,,,,,,,
94b3b6fe-cf8d-2db5-dd21-ae74f29ed2f9,Mar 09 2024 13:05:00,Purchase,-100.00,,0.00144484,,69211.72,100.00,,,,
4497d912-13dd-3e8b-8203-e55c12d9aee8,Mar 10 2024 13:01:22,Deposit,50.00,,,,,,,,,
a565283d-00c3-05fe-cf9b-c92440630606,Mar 10 2024 13:02:00,Purchase,-50.00,,0.00074867,,66785.52,50.00,,,,
f47d629e-4fd0-354e-ff0e-769c1a03ddf9,Mar 12 2024 13:03:22,Deposit,50.00,,,,,,,,,
1fcff710-da28-df3f-bed0-596fbe77ae49,Mar 12 2024 13:04:00,Purchase,-50.00,,0.00074409,,67196.52,50.00,,,,
cdbf5692-f456-5f3d-f976-10b8b5512ad3,Mar 13 2024 13:02:22,Deposit,100.00,,,,,,,,,
737f8ab1-8431-ee33-3135-36b59ef34ba4,Mar 13 2024 13:03:00,Purchase,-100.00,,0.00153501,,65146.20,100.00,,,,
36ed07fa-9528-bdb7-4d74-dddeb0e4022a,Mar 14 2024 13:04:22,Deposit,25.00,,,,,,,,,
ac5d1c14-19dc-9ab0-84ce-6ebc6921ac49,Mar 14 2024 13:05:00,Purchase,-25.00,,0.00037097,,67391.01,25.00,,,,
629a5008-79d3-1b8b-313e-90ea77b994c7,Mar 15 2024 13:04:22,Deposit,100.00,,,,,,,,,
3a6be34d-d221-d4f6-e2bc-c8fdefd544fe,Mar 15 2024 13:05:00,Purchase,-100.00,,0.00155955,,64121.22,100.00,,,,
436ef15b-3d33-b914-3b9b-99f044d19965,Mar 17 2024 13:01:22,Deposit,25.00,,,,,,,,,
f03b21df-9eac-f44e-ee4a-2dc7ca1e8250,Mar 17 2024 13:02:00,Purchase,-25.00,,0.00038502,,64931.78,25.00,,,,
932616f0-3508-67e2-ac1f-0ad5d0ac8233,Mar 19 2024 13:03:22,Deposit,20.00,,,,,,,,,
59458249-d51a-5019-c3a4-da8c31677fc3,Mar 19 2024 13:04:00,Purchase,-20.00,,0.00031617,,63257.12,20.00,,,,
81aed2f0-d708-3749-de26-4b57de10e950,Mar 20 2024 13:03:22,Deposit,25.00,,,,,,,,,
1f88cb69-1529-2c34-8d6a-a8e87aa6ea04,Mar 20 2024 13:04:00,Purchase,-25.00,,0.00037908,,65949.96,25.00,,,,
0f005dfc-220e-3bcb-c503-eb6e0708b629,Mar 21 2024 13:02:22,Deposit,25.00,,,,,,,,,
77fb18f6-06c3-8f56-5242-4878608e0d1a,Mar 21 2024 13:03:00,Purchase,-25.00,,0.00039810,,62798.89,25.00,,,,
dd83efb1-718d-ea0c-6a20-7d2765a9230f,Mar 22 2024 12:59:22,Deposit,50.00,,,,,,,,,
d0a873f7-a1a7-2e3e-3211-ca241e19d231,Mar 22 2024 13:00:00,Purchase,-50.00,,0.00081576,,61292.39,50.00,,,,
19cc3d70-eced-3a0e-a633-02648bdfe574,Mar 23 2024 13:04:22,Deposit,50.00,,,,,,,,,
1149db94-4f9a-9b04-171d-b6662a6feaa9,Mar 23 2024 13:05:00,Purchase,-50.00,,0.00079156,,63166.61,50.00,,,,
da53e1f7-077e-67fa-c6c5-0b02b0349e6b,Mar 24 2024 12:59:22,Deposit,50.00,,,,,,,,,
10669578-5a75-6058-304c-3a69e7bb5d23,Mar 24 2024 13:00:00,Purchase,-50.00,,0.00082028,,60954.53,50.00,,,,
4466cbad-7169-4a71-84f6-2f25cbfe5abf,Mar 25 2024 13:03:22,Deposit,50.00,,,,,,,,,
ff8c1676-e7c6-9dc5-b824-29eb71eadeed,Mar 25 2024 13:04:00,Purchase,-50.00,,0.00078984,,63304.16,50.00,,,,
dbfa8c05-e782-b292-8733-2b16a6a89864,Mar 26 2024 13:02:22,Deposit,50.00,,,,,,,,,
8099bcc0-f4c7-76f7-eea2-a6dd6ee0b449,Mar 26 2024 13:03:00,Purchase,-50.00,,0.00081898,,61051.75,50.00,,,,
0fba7ddc-9a01-44ac-c6c2-c6f3ae925351,Mar 27 2024 13:02:22,Deposit,50.00,,,,,,,,,
f0562c96-792e-1b05-adc5-34df2c6469df,Mar 27 2024 13:03:00,Purchase,-50.00,,0.00079977,,62517.61,50.00,,,,
596e8604-e2c7-afee-129e-b9c5d75dec53,Mar 29 2024 13:00:22,Deposit,100.00,,,,,,,,,
c1758926-fd3b-23ad-e586-1e02ecac6c10,Mar 29 2024 13:01:00,Purchase,-100.00,,0.00166793,,59954.54,100.00,,,,
834aefe2-27e4-f855-0359-3c52084eb561,Mar 30 2024 13:02:22,Deposit,100.00,,,,,,,,,
6e13c9e1-01c6-7b76-20d0-0a6273551d3a,Mar 30 2024 13:03:00,Purchase,-100.00,,0.00168940,,59192.73,100.00,,,,
a66cd376-3ba5-0ca0-c6e7-28b126d9f358,Mar 31 2024 13:04:22,Deposit,30.00,,,,,,,,,
3ac4a5af-2a0e-c707-0397-d7214bf964c6,Mar 31 2024 13:05:00,Purchase,-30.00,,0.00049528,,60572.22,30.00,,,,
17ea48a1-d907-aa76-177c-a5e02f261464,Apr 01 2024 13:03:22,Deposit,20.00,,,,,,,,,
25672de9-567d-5799-e68f-2bcc5fedd4f0,Apr 01 2024 13:04:00,Purchase,-20.00,,0.00032674,,61210.91,20.00,,,,
cd29458c-e9e9-cf2a-4f64-600bfcdcbcf9,Apr 02 2024 13:04:22,Deposit,25.00,,,,,,,,,
2d13c56d-8bfb-1cd7-7f1b-048e4875032c,Apr 02 2024 13:05:00,Purchase,-25.00,,0.00042034,,59476.06,25.00,,,,
c26d5d89-c9d2-3b48-6c90-5f032dd9d55b,Apr 04 2024 13:02:22,Deposit,20.00,,,,,,,,,
546f53e6-5615-68de-3529-2c382a07ff30,Apr 04 2024 13:03:00,Purchase,-20.00,,0.00031782,,62928.80,20.00,,,,
1801360c-8ffa-daba-a7bc-c1ba30ec4038,Apr 05 2024 13:03:22,Deposit,100.00,,,,,,,,,
7befd60a-0b1a-e7fc-2bdf-3c96414f29e5,Apr 05 2024 13:04:00,Purchase,-100.00,,0.00166156,,60184.25,100.00,,,,
e3f77652-3d05-ac87-8f34-f2a72accd778,Apr 05 2024 20:35:22,Deposit,1000.00,,,,,,,,,
39232a63-b4ac-0916-cdab-473c0ea497fe,Apr 05 2024 20:36:00,Purchase,-1000.00,,0.01659518,,60258.46,1000.00,,,,
4941a938-f6f9-c1a4-6715-fc950cadfbcc,Apr 06 2024 13:01:22,Deposit,30.00,,,,,,,,,
2996c34a-19e5-4ef9-4666-0b34cd513bf5,Apr 06 2024 13:02:00,Purchase,-30.00,,0.00050170,,59796.28,30.00,,,,
13ad4c71-37cf-95c2-ec8e-b03323f70f83,Apr 07 2024 13:02:22,Deposit,50.00,,,,,,,,,
5cfd943a-25c0-cf23-6355-0ea314652812,Apr 07 2024 13:03:00,Purchase,-50.00,,0.00080620,,62019.34,50.00,,,,
39b5d079-19e4-fab6-3171-649646b84d28,Apr 08 2024 13:03:22,Deposit,25.00,,,,,,,,,
8c5ce28d-4628-6b5d-4adc-072833d2a2ba,Apr 08 2024 13:04:00,Purchase,-25.00,,0.00041074,,60866.37,25.00,,,,
847803c7-c335-9f3b-9831-5ac5bcf48044,Apr 09 2024 13:02:22,Deposit,20.00,,,,,,,,,
4c81b7de-5ebe-98d7-929d-a222725129f0,Apr 09 2024 13:03:00,Purchase,-20.00,,0.00031569,,63353.94,20.00,,,,
d4ff3c06-0db7-1e57-52b4-b1dfc5b3a739,Apr 10 2024 13:02:22,Deposit,100.00,,,,,,,,,
9f9860c6-91ef-1b0e-a9b3-0b5cb03df624,Apr 10 2024 13:03:00,Purchase,-100.00,,0.00163206,,61272.44,100.00,,,,
d3f0487f-cb9b-d583-ee54-bd0b636914cd,Apr 11 2024 13:00:22,Deposit,50.00,,,,,,,,,
a156f83d-ff4a-cc43-3044-b071ad0df99f,Apr 11 2024 13:01:00,Purchase,-50.00,,0.00081609,,61267.80,50.00,,,,
2d745783-87d6-f356-4734-c1864d0621cd,Apr 12 2024 13:03:22,Deposit,50.00,,,,,,,,,
977adf1d-1938-b8bd-7a15-101a69f83d58,Apr 12 2024 13:04:00,Purchase,-50.00,,0.00080370,,62212.57,50.00,,,,
fba93304-abbb-786c-2343-166e32a9f641,Apr 14 2024 13:00:22,Deposit,20.00,,,,,,,,,
46d8bbe3-d2fd-0584-9116-cf25eccc8650,Apr 14 2024 13:01:00,Purchase,-20.00,,0.00031303,,63892.62,20.00,,,,
560e8979-8357-1791-4848-17630bba284d,Apr 15 2024 13:02:22,Deposit,30.00,,,,,,,,,
9a10b785-803c-86e7-a86c-4e7db4f2f5e5,Apr 15 2024 13:03:00,Purchase,-30.00,,0.00047681,,62917.54,30.00,,,,
56f59095-5c62-42d7-ec34-03cc03014728,Apr 16 2024 13:01:22,Deposit,50.00,,,,,,,,,
4003a264-fe59-af47-1830-1393d40707dc,Apr 16 2024 13:02:00,Purchase,-50.00,,0.00079940,,62547.12,50.00,,,,
4b97c3f5-3739-b2a3-b214-5da5d499b38f,Apr 17 2024 18:02:22,Deposit,1000.00,,,,,,,,,
b82044a4-cef2-3d84-2a45-cbafdfda47cd,Apr 17 2024 18:03:00,Purchase,-1000.00,,0.01577965,,63372.77,1000.00,,,,
ff7c2d72-7b06-0bf4-31bb-49e4d7671434,Apr 18 2024 12:59:22,Deposit,100.00,,,,,,,,,
c0db132f-504b-4272-0d45-f49fdae09341,Apr 18 2024 13:00:00,Purchase,-100.00,,0.00153363,,65204.92,100.00,,,,
1550cde8-97d5-82c4-6c17-c52efacc51bd,Apr 20 2024 13:03:22,Deposit,25.00,,,,,,,,,
68332ba0-7953-2609-6617-821f11a290b9,Apr 20 2024 13:04:00,Purchase,-25.00,,0.00037418,,66811.92,25.00,,,,
c6acb43a-d340-cf19-54e2-27645ae4a9bd,Apr 21 2024 12:59:22,Deposit,50.00,,,,,,,,,
1c7624f3-0492-f3ea-5952-8bb225e8f8e4,Apr 21 2024 13:00:00,Purchase,-50.00,,0.00075930,,65849.97,50.00,,,,
3f1b9cd4-ebab-2de8-1170-439c5c27ce2b,Apr 22 2024 13:01:22,Deposit,30.00,,,,,,,,,
eee3253c-d6ca-2aaf-6f38-e14f46a1c1bd,Apr 22 2024 13:02:00,Purchase,-30.00,,0.00044900,,66815.02,30.00,,,,
f6160d88-5242-8c29-ed68-512da956bdff,Apr 23 2024 13:04:22,Deposit,100.00,,,,,,,,,
5dbc0624-aa04-e4fa-3d80-e4e3166d5c6b,Apr 23 2024 13:05:00,Purchase,-100.00,,0.00149325,,66967.80,100.00,,,,
660bb099-3fed-dbbd-a35e-db55dc9d9323,Apr 24 2024 13:01:22,Deposit,20.00,,,,,,,,,
20d3f3e1-9d67-ec36-f3be-dc0b79889d70,Apr 24 2024 13:02:00,Purchase,-20.00,,0.00029364,,68111.05,20.00,,,,
d1004baa-5d7c-6c1d-4c5c-a5d7343c85a6,Apr 25 2024 13:03:22,Deposit,100.00,,,,,,,,,
220d0402-c04e-b577-967c-81824033e334,Apr 25 2024 13:04:00,Purchase,-100.00,,0.00146849,,68097.15,100.00,,,,
98522fb6-c3f0-d2f2-6dca-e5590513abf0,Apr 26 2024 13:04:22,Deposit,25.00,,,,,,,,,
58360046-b360-a472-488f-62b9efdc6856,Apr 26 2024 13:05:00,Purchase,-25.00,,0.00036737,,68051.09,25.00,,,,
8c3956fd-ed8a-3cd6-bb2e-518d9bc035ad,Apr 27 2024 13:04:22,Deposit,25.00,,,,,,,,,
5b726bb4-a30a-0a6e-a72c-966382ddaa66,Apr 27 2024 13:05:00,Purchase,-25.00,,0.00037312,,67003.07,25.00,,,,
1ff18d33-e5ac-7090-0e94-c11a02f3d98a,Apr 28 2024 13:04:22,Deposit,50.00,,,,,,,,,
bc2af1c9-ef3b-3071-043a-d7526b018131,Apr 28 2024 13:05:00,Purchase,-50.00,,0.00075936,,65844.82,50.00,,,,
928ac854-e34a-4de3-7ff8-af72892b7622,Apr 29 2024 13:03:22,Deposit,20.00,,,,,,,,,
f1606ec6-f3a6-a9e4-347b-ce6c628d5934,Apr 29 2024 13:04:00,Purchase,-20.00,,0.00028965,,69049.67,20.00,,,,
e3370e58-0feb-832b-d64c-da1e8b31cd69,Apr 30 2024 13:01:22,Deposit,20.00,,,,,,,,,
6c58fd31-7373-1187-2387-ccc378f656b9,Apr 30 2024 13:02:00,Purchase,-20.00,,0.00029969,,66735.16,20.00,,,,
9035f975-a255-ae40-fda0-58250bf0f7f3,May 01 2024 13:02:22,Deposit,50.00,,,,,,,,,
10975433-9aef-b8f8-be0b-9af3804d74bf,May 01 2024 13:03:00,Purchase,-50.00,,0.00071742,,69693.75,50.00,,,,
07db626c-38e5-8bac-d896-1a3deb930f4e,May 02 2024 13:04:22,Deposit,50.00,,,,,,,,,
4959f929-0e16-931f-90db-0184b942846d,May 02 2024 13:05:00,Purchase,-50.00,,0.00071991,,69453.53,50.00,,,,
2971fb7c-dc38-995d-a468-4d69929e5cd3,May 03 2024 13:04:22,Deposit,50.00,,,,,,,,,
4eabebde-dde0-0d24-97b4-91c4c0ee1218,May 03 2024 13:05:00,Purchase,-50.00,,0.00076906,,65014.73,50.00,,,,
3a39fa13-164f-4749-90f6-320433763f0e,May 04 2024 13:03:22,Deposit,50.00,,,,,,,,,
c139cf57-8e3d-4054-756f-f993fb8cc3ed,May 04 2024 13:04:00,Purchase,-50.00,,0.00076422,,65426.27,50.00,,,,
d409e3c0-91e1-b4ee-805b-6bc254bae489,May 05 2024 13:03:22,Deposit,30.00,,,,,,,,,
c2fcf584-abc2-1057-33ff-a7735cd21831,May 05 2024 13:04:00,Purchase,-30.00,,0.00043883,,68363.73,30.00,,,,
2eb05a3e-c466-8fe9-765d-62036140bd2a,May 06 2024 12:59:22,Deposit,30.00,,,,,,,,,
5f66fbb4-2edc-2249-33f7-1a0798cb2592,May 06 2024 13:00:00,Purchase,-30.00,,0.00045479,,65963.92,30.00,,,,
79c13f80-1ad8-6a14-6a17-f21b2d2f4813,May 07 2024 13:02:22,Deposit,50.00,,,,,,,,,
1f7bdf97-0106-c0f1-cc4d-d43e3bb6ad17,May 07 2024 13:03:00,Purchase,-50.00,,0.00078411,,63766.40,50.00,,,,
7207d107-1214-e591-ab79-4cf32286fb7e,May 08 2024 12:59:22,Deposit,50.00,,,,,,,,,
9b978a31-bdf8-2647-963b-417ee30f188c,May 08 2024 13:00:00,Purchase,-50.00,,0.00076224,,65596.43,50.00,,,,
9218cf0c-ce17-6c5d-191b-0a860add13c9,May 10 2024 13:01:22,Deposit,30.00,,,,,,,,,
ed85ce74-0882-79ac-18b8-8039a85ee0e0,May 10 2024 13:02:00,Purchase,-30.00,,0.00047424,,63259.32,30.00,,,,
e1bf6d12-8a2e-5888-f475-417315ea1718,May 11 2024 13:01:22,Deposit,50.00,,,,,,,,,
80b17b32-e327-6abd-2d94-0abadbf905b1,May 11 2024 13:02:00,Purchase,-50.00,,0.00074257,,67333.74,50.00,,,,
94036ab6-c14c-227d-31fe-a8697a7b7ea3,May 11 2024 15:04:22,Deposit,500.00,,,,,,,,,
7edb2b2b-f7ed-747d-489a-a32dd4f65e05,May 11 2024 15:05:00,Purchase,-500.00,,0.00742777,,67314.96,500.00,,,,
3d8f341d-0524-cdb4-c793-aa312beded9f,May 12 2024 13:02:22,Deposit,50.00,,,,,,,,,
45240bec-ae58-379f-a1d9-aca5416d8a3b,May 12 2024 13:03:00,Purchase,-50.00,,0.00077055,,64888.84,50.00,,,,
95398fe7-5983-7843-6501-60f0b69de4e9,May 13 2024 13:04:22,Deposit,100.00,,,,,,,,,
33edf824-83b2-72a5-a8e2-a1d3a61074c7,May 13 2024 13:05:00,Purchase,-100.00,,0.00152550,,65552.31,100.00,,,,
68f4f5f9-4626-0d2f-651d-8c7bf5979ffc,May 14 2024 12:59:22,Deposit,30.00,,,,,,,,,
bf93739d-ea7d-35ea-3bc4-ffd70986d1a8,May 14 2024 13:00:00,Purchase,-30.00,,0.00047218,,63534.48,30.00,,,,
adcedc81-8f7a-19ed-7563-a400c2ab216b,May 15 2024 13:01:22,Deposit,100.00,,,,,,,,,
65c795ba-d670-103c-f159-9077183cc482,May 15 2024 13:02:00,Purchase,-100.00,,0.00150863,,66285.37,100.00,,,,
22d0043c-69ad-098e-638f-c9d27d8f97c0,May 16 2024 13:03:22,Deposit,30.00,,,,,,,,,
fcb3e70c-7ebf-39a4-2356-f724cf71f8d9,May 16 2024 13:04:00,Purchase,-30.00,,0.00048416,,61962.96,30.00,,,,
a41ad086-ffa7-aef2-3d2c-405356e31df5,May 17 2024 13:01:22,Deposit,30.00,,,,,,,,,
f4dc093d-98ab-5496-b8fe-6a45f0ad54f2,May 17 2024 13:02:00,Purchase,-30.00,,0.00046232,,64890.57,30.00,,,,
09663ea3-1e52-b7b0-689d-9bc862436858,May 18 2024 13:01:22,Deposit,25.00,,,,,,,,,
34ca8f65-0762-445f-0a21-4edfa937cccf,May 18 2024 13:02:00,Purchase,-25.00,,0.00038642,,64695.66,25.00,,,,
b9a26584-def8-3db5-0beb-d66cb506eb60,May 20 2024 13:04:22,Deposit,25.00,,,,,,,,,
9a3b8081-8fc1-8810-fef5-f31b04542d31,May 20 2024 13:05:00,Purchase,-25.00,,0.00040580,,61606.67,25.00,,,,
e1a3860a-a5b0-cd12-6482-5e186d5098b3,May 21 2024 13:01:22,Deposit,100.00,,,,,,,,,
ae2e2325-25a0-506b-e279-6491c9584ad7,May 21 2024 13:02:00,Purchase,-100.00,,0.00162904,,61385.92,100.00,,,,
686598e8-2fbb-be51-c46d-b96a82686e81,May 22 2024 13:03:22,Deposit,30.00,,,,,,,,,
35f4eabc-1a3b-05df-aa35-b95e50eedcf7,May 22 2024 13:04:00,Purchase,-30.00,,0.00046970,,63869.89,30.00,,,,
8bafc917-3dd8-c055-9644-a1294bec5e04,May 23 2024 13:01:22,Deposit,25.00,,,,,,,,,
65992576-d274-b0f5-b3fc-6fce73c4a4ca,May 23 2024 13:02:00,Purchase,-25.00,,0.00039790,,62829.66,25.00,,,,
9dc2bf07-57bb-a0c2-74f6-169d2ac5d499,May 24 2024 13:04:22,Deposit,50.00,,,,,,,,,
cf18d55c-3e2b-3c05-a4ce-0fcd19d83ebf,May 24 2024 13:05:00,Purchase,-50.00,,0.00078555,,63649.86,50.00,,,,
ab35dc24-0a86-ed1e-913f-eb1b8da90859,May 26 2024 13:00:22,Deposit,100.00,,,,,,,,,
bd0ea913-b1c7-5234-4fd8-be7e12ab143c,May 26 2024 13:01:00,Purchase,-100.00,,0.00163592,,61127.82,100.00,,,,
2a9dc058-2d36-8971-bf6d-8581c5980d60,May 27 2024 12:59:22,Deposit,50.00,,,,,,,,,
d488ea37-70a7-29ed-acf0-aaabe4ef65c8,May 27 2024 13:00:00,Purchase,-50.00,,0.00078562,,63643.67,50.00,,,,
c12fb26b-99ae-e045-bdd0-9f7c4c33c663,May 28 2024 13:01:22,Deposit,25.00,,,,,,,,,
955cdb6d-8ab3-ac7c-fe9e-55c90ae53cdd,May 28 2024 13:02:00,Purchase,-25.00,,0.00040781,,61303.53,25.00,,,,
d60742d0-a75f-2b0c-65eb-75f6a49206ee,May 29 2024 13:02:22,Deposit,20.00,,,,,,,,,
7e75e3a5-7e20-1dfc-2d83-0ef19c1bced3,May 29 2024 13:03:00,Purchase,-20.00,,0.00031577,,63336.41,20.00,,,,
34835bda-47f6-83a2-ef78-a9eae8814490,May 30 2024 12:59:22,Deposit,50.00,,,,,,,,,
7bb9959f-e944-49c8-7069-408bcf5b4abc,May 30 2024 13:00:00,Purchase,-50.00,,0.00081577,,61291.77,50.00,,,,
f5f5fc02-a796-7483-6bfe-076b1c3a2821,Jun 01 2024 13:01:22,Deposit,20.00,,,,,,,,,
e778577e-5188-2624-9167-7fe31a26f3e2,Jun 01 2024 13:02:00,Purchase,-20.00,,0.00032555,,61434.45,20.00,,,,
f636f90d-3e6e-08d8-f5af-9987a89e35f0,Jun 03 2024 13:03:22,Deposit,25.00,,,,,,,,,
aff552d9-3ea5-6376-99af-3964a56c555a,Jun 03 2024 13:04:00,Purchase,-25.00,,0.00041629,,60054.15,25.00,,,,
fd878f9b-49ab-ae9d-cd0c-1db4e806689b,Jun 04 2024 13:02:22,Deposit,30.00,,,,,,,,,
0adca66e-8327-5aff-1cf7-8c131a8be93f,Jun 04 2024 13:03:00,Purchase,-30.00,,0.00049355,,60784.38,30.00,,,,
42ad4496-2e7a-8904-2abe-65ae7eba6880,Jun 05 2024 13:01:22,Deposit,50.00,,,,,,,,,
43ddcf11-b0d1-af9a-2223-52e62d8ee4a2,Jun 05 2024 13:02:00,Purchase,-50.00,,0.00080561,,62064.55,50.00,,,,
5aed0c90-c007-ad48-7ae6-b4646953014b,Jun 06 2024 13:04:22,Deposit,20.00,,,,,,,,,
2aa76695-d876-b04e-3c0e-6c1eec66c325,Jun 06 2024 13:05:00,Purchase,-20.00,,0.00032616,,61318.91,20.00,,,,
3563fbad-662b-f83e-00cd-c3bb92d972cf,Jun 07 2024 13:00:22,Deposit,30.00,,,,,,,,,
08a14750-444f-1169-bd5d-5545b350f69c,Jun 07 2024 13:01:00,Purchase,-30.00,,0.00047962,,62549.90,30.00,,,,
b8a00a0f-14d1-c553-0b72-d23fede409ff,Jun 09 2024 17:43:22,Deposit,2000.00,,,,,,,,,
84ab3ff6-4744-723c-9377-859ae84adb41,Jun 09 2024 17:44:00,Purchase,-2000.00,,0.03093743,,64646.60,2000.00,,,,
c1650417-5ca0-ffb6-ce6e-8e38aa58afe3,Jun 10 2024 12:59:22,Deposit,25.00,,,,,,,,,
a82bd043-7e33-94b9-ed25-c64706b41b75,Jun 10 2024 13:00:00,Purchase,-25.00,,0.00039394,,63462.03,25.00,,,,
b53574d6-81c9-cdfe-a490-289621d44f57,Jun 11 2024 13:02:22,Deposit,20.00,,,,,,,,,
c5dc67b2-784c-346e-48a0-393f7e93e42a,Jun 11 2024 13:03:00,Purchase,-20.00,,0.00031987,,62525.16,20.00,,,,
81c83ed5-f973-2b7f-dd13-888ad8b203f7,Jun 12 2024 13:04:22,Deposit,50.00,,,,,,,,,
f7d83fcc-1333-37bd-c1be-e1cd0650a39d,Jun 12 2024 13:05:00,Purchase,-50.00,,0.00080195,,62347.67,50.00,,,,
0e8bbb78-e1ae-856a-cb5f-2ab7a932caf5,Jun 13 2024 13:02:22,Deposit,20.00,,,,,,,,,
c68fbaeb-55a0-3699-5c26-22c84abc4c39,Jun 13 2024 13:03:00,Purchase,-20.00,,0.00032559,,61426.38,20.00,,,,
2a7e1748-0f77-77e6-4097-0fed6d5cc8b8,Jun 14 2024 13:01:22,Deposit,25.00,,,,,,,,,
dbb7ab24-a743-fa37-b7e8-1eefd250e1bf,Jun 14 2024 13:02:00,Purchase,-25.00,,0.00038947,,64189.80,25.00,,,,
42b2880f-d4c6-e99a-7d4a-01b322d56755,Jun 16 2024 13:03:22,Deposit,30.00,,,,,,,,,
0f3a23cc-dcf4-a539-b5d8-f258c67b2ae3,Jun 16 2024 13:04:00,Purchase,-30.00,,0.00045839,,65447.02,30.00,,,,
8011b350-00ac-90b2-56f5-6b34b5e54e01,Jun 17 2024 13:01:22,Deposit,100.00,,,,,,,,,
3993b553-f64a-ece3-2a7b-47f6c1b1f32a,Jun 17 2024 13:02:00,Purchase,-100.00,,0.00157624,,63442.16,100.00,,,,
c69a4e69-dcdc-2f0f-3afc-9f9116295a10,Jun 18 2024 13:03:22,Deposit,50.00,,,,,,,,,
19c6b1d5-b163-e57a-26f6-01c63907a5c7,Jun 18 2024 13:04:00,Purchase,-50.00,,0.00077541,,64482.05,50.00,,,,
bc14478d-968d-0ddc-86f8-0c1e472335f2,Jun 19 2024 13:02:22,Deposit,100.00,,,,,,,,,
5a58c999-833c-62f6-41ff-3371c5227dbe,Jun 19 2024 13:03:00,Purchase,-100.00,,0.00158901,,62932.44,100.00,,,,
4e166a10-4a85-be61-cc49-2756ae0e2795,Jun 20 2024 12:59:22,Deposit,25.00,,,,,,,,,
4a132d05-ab14-370c-01c3-7120fc9ce7f8,Jun 20 2024 13:00:00,Purchase,-25.00,,0.00040178,,62223.38,25.00,,,,
bef4eb74-95c8-5b0d-941e-d7c4b6cddeee,Jun 21 2024 13:03:22,Deposit,50.00,,,,,,,,,
cebaac46-7666-bedb-96c4-f3e9d166a5cd,Jun 21 2024 13:04:00,Purchase,-50.00,,0.00075594,,66143.23,50.00,,,,
5e06c584-c64d-ae74-fa13-22001a2ab646,Jun 22 2024 13:04:22,Deposit,30.00,,,,,,,,,
92baefa5-9935-45d3-d5f8-734e314cfcf5,Jun 22 2024 13:05:00,Purchase,-30.00,,0.00046896,,63971.68,30.00,,,,
0be5e0fb-a2b2-549c-436a-92bf0d5b8680,Jun 23 2024 13:00:22,Deposit,50.00,,,,,,,,,
fa51798e-da18-e2a1-4009-c6fcc18cabdd,Jun 23 2024 13:01:00,Purchase,-50.00,,0.00076971,,64959.83,50.00,,,,
a4b86f98-2e2a-3043-725b-2472200a24ea,Jun 24 2024 13:01:22,Deposit,25.00,,,,,,,,,
33146252-20d7-612c-a6f6-f5f91e502568,Jun 24 2024 13:02:00,Purchase,-25.00,,0.00038669,,64650.48,25.00,,,,
463265a7-5c9d-96d8-b708-95212fb1d2e0,Jun 25 2024 13:02:22,Deposit,20.00,,,,,,,,,
2ab28aeb-fbf9-fa67-51bd-eeaceee44cd0,Jun 25 2024 13:03:00,Purchase,-20.00,,0.00030653,,65245.84,20.00,,,,
4ac4cb0d-5456-30cf-48a6-0fc59876ffdd,Jun 26 2024 13:01:22,Deposit,100.00,,,,,,,,,
5f1b32af-947f-6df0-95a9-d349ab4bf20e,Jun 26 2024 13:02:00,Purchase,-100.00,,0.00157714,,63406.01,100.00,,,,
bd76a7af-8aa6-4a77-7ff0-a3c4a2fe82ec,Jun 28 2024 13:04:22,Deposit,50.00,,,,,,,,,
684b1f77-0abf-48af-a663-91697cd09864,Jun 28 2024 13:05:00,Purchase,-50.00,,0.00078136,,63990.59,50.00,,,,
900d2be4-ec5e-a38e-86e9-54a031afb4ac,Jun 29 2024 13:02:22,Deposit,20.00,,,,,,,,,
0dac5a19-a114-f224-4357-2bba2da2fc1d,Jun 29 2024 13:03:00,Purchase,-20.00,,0.00030335,,65929.68,20.00,,,,
c426e538-7710-17f1-1774-4aacc09f0d21,Jun 30 2024 13:02:22,Deposit,50.00,,,,,,,,,
6167f0b2-b5c6-4098-bc56-8a6a8c39e0ec,Jun 30 2024 13:03:00,Purchase,-50.00,,0.00073674,,67866.88,50.00,,,,
6531c366-969b-e178-6090-65a6fcaec5ff,Jul 02 2024 12:59:22,Deposit,25.00,,,,,,,,,
97230010-809e-c531-b66d-b28d0913948e,Jul 02 2024 13:00:00,Purchase,-25.00,,0.00038654,,64675.67,25.00,,,,
630f5032-7e88-0f24-62cc-01fded501289,Jul 03 2024 13:02:22,Deposit,100.00,,,,,,,,,
f680867e-01df-719b-2bef-5bb4abd5cbeb,Jul 03 2024 13:03:00,Purchase,-100.00,,0.00147500,,67796.77,100.00,,,,
94fdbd28-4abe-e51a-4a54-6c2d3130857a,Jul 06 2024 13:02:22,Deposit,20.00,,,,,,,,,
f3abcc7b-d37e-4603-f429-7c9636000936,Jul 06 2024 13:03:00,Purchase,-20.00,,0.00029818,,67073.85,20.00,,,,
bd45053e-a560-a6e0-37fc-0e50648647ef,Jul 06 2024 15:03:00,Send,,,-0.00500000,,,,bc1qnqvuhooykdbh7iwi9qzwz2vsmuirmxlsznpjn5,,584e78c4b2cb45f6a32efc78289ffe9ed6e2062e5ffd1dce950a0af9c542c68d,cold storage
5228e3db-c09a-cb69-df1f-1fab08fc3dbf,Jul 06 2024 19:37:22,Deposit,500.00,,,,,,,,,
0c1f2f82-273e-ca7f-1a9e-6d3040e25e8c,Jul 06 2024 19:38:00,Purchase,-500.00,,0.00746196,,67006.55,500.00,,,,
183f5e95-19ad-3426-ff70-c5c1957af7e3,Jul 07 2024 13:01:22,Deposit,50.00,,,,,,,,,
35440efb-d0b3-df18-dd22-28bfc7430525,Jul 07 2024 13:02:00,Purchase,-50.00,,0.00078168,,63964.86,50.00,,,,
6eb8f25d-3176-494c-0b10-38094a7f66ff,Jul 07 2024 17:04:22,Deposit,500.00,,,,,,,,,
f635c244-42f2-57db-78d1-d1ac06bce74f,Jul 07 2024 17:05:00,Purchase,-500.00,,0.00782162,,63925.37,500.00,,,,
d579f2d0-d224-1b8c-8ea9-a9ffc4fa2fa2,Jul 08 2024 12:59:22,Deposit,50.00,,,,,,,,,
88897aa7-6b96-ad88-d649-6ba6e53976a5,Jul 08 2024 13:00:00,Purchase,-50.00,,0.00075446,,66272.91,50.00,,,,
fb7cf8ea-4828-3cc0-268f-e8d681df3fdc,Jul 09 2024 13:00:22,Deposit,50.00,,,,,,,,,
a3453b11-2838-43d6-1103-a89d7778b740,Jul 09 2024 13:01:00,Purchase,-50.00,,0.00076378,,65464.10,50.00,,,,
a75c6052-8f33-7d77-e557-83079dce6732,Jul 10 2024 13:04:22,Deposit,30.00,,,,,,,,,
dee4cc08-6fda-a0fc-e6b4-2c5c66abc879,Jul 10 2024 13:05:00,Purchase,-30.00,,0.00047433,,63247.16,30.00,,,,
7cf072e0-cbbc-0fde-d2d8-b78b8f55761c,Jul 11 2024 13:02:22,Deposit,25.00,,,,,,,,,
b1725218-28e4-94d8-57d9-5272159fd570,Jul 11 2024 13:03:00,Purchase,-25.00,,0.00037963,,65853.59,25.00,,,,
6223853e-b545-70a5-801c-451f447b8e7e,Jul 13 2024 13:04:22,Deposit,25.00,,,,,,,,,
537512c4-09ef-cceb-c8d5-f4162b93dcc9,Jul 13 2024 13:05:00,Purchase,-25.00,,0.00040418,,61854.38,25.00,,,,
b0af606d-4e49-c740-7e8f-ceeb6e4d1743,Jul 14 2024 13:02:22,Deposit,30.00,,,,,,,,,
9b1becd2-9bf1-f2ba-6950-348106b0ecae,Jul 14 2024 13:03:00,Purchase,-30.00,,0.00049264,,60896.78,30.00,,,,
ba9b13ef-d124-cae8-4462-c8c7119046d6,Jul 15 2024 12:59:22,Deposit,30.00,,,,,,,,,
d4d86025-18f2-7e5f-32ea-bf8aa48770df,Jul 15 2024 13:00:00,Purchase,-30.00,,0.00047787,,62778.25,30.00,,,,
8a9fc198-3477-7e43-bdcd-a9275f2a1dcd,Jul 16 2024 13:03:22,Deposit,100.00,,,,,,,,,
4df0ab39-7ffc-6cd7-975a-5ac232204df2,Jul 16 2024 13:04:00,Purchase,-100.00,,0.00163549,,61143.64,100.00,,,,
410f5149-bb21-59a3-1210-65cf3892942e,Jul 18 2024 13:03:22,Deposit,50.00,,,,,,,,,
853f791c-a5fe-b99c-d79a-67e44121343e,Jul 18 2024 13:04:00,Purchase,-50.00,,0.00079663,,62764.22,50.00,,,,
4429aa7f-dd39-6f1b-5c6b-2118c5fecae4,Jul 19 2024 13:00:22,Deposit,100.00,,,,,,,,,
ada5058d-2fa4-147f-865d-10baba03f664,Jul 19 2024 13:01:00,Purchase,-100.00,,0.00163183,,61280.87,100.00,,,,
a8c6d1e9-e19a-0d2f-de7a-7e89178c8071,Jul 20 2024 13:02:22,Deposit,20.00,,,,,,,,,
7e7c0d12-8d09-1f69-37ca-560d2a7f0348,Jul 20 2024 13:03:00,Purchase,-20.00,,0.00032923,,60747.47,20.00,,,,
598d5d65-b399-2243-0728-53ea3e3f82b2,Jul 21 2024 13:02:22,Deposit,50.00,,,,,,,,,
b5c68022-54a5-6fb0-acd3-c656f27fecab,Jul 21 2024 13:03:00,Purchase,-50.00,,0.00079467,,62919.25,50.00,,,,
611e60b0-bad0-ae24-334f-fa31a79d9131,Jul 22 2024 13:04:22,Deposit,25.00,,,,,,,,,
948c48ad-2b2f-99d0-09a5-243b338aa356,Jul 22 2024 13:05:00,Purchase,-25.00,,0.00041059,,60887.49,25.00,,,,
27189299-3c19-d2a8-1423-03f1fbc38572,Jul 24 2024 12:59:22,Deposit,50.00,,,,,,,,,
a5530f64-57d0-86f7-1d6c-69b4cd9873d8,Jul 24 2024 13:00:00,Purchase,-50.00,,0.00079951,,62538.66,50.00,,,,
f03c6845-3741-7712-c468-30630d3a6e44,Jul 25 2024 12:59:22,Deposit,100.00,,,,,,,,,
3badc8e6-46cb-67ff-8d18-0de511e96d39,Jul 25 2024 13:00:00,Purchase,-100.00,,0.00168712,,59272.48,100.00,,,,
4985d0f2-eb97-e68f-c85f-7e407fc7438b,Jul 26 2024 13:00:22,Deposit,20.00,,,,,,,,,
8389c023-7987-5f04-0ada-0f6539d886cb,Jul 26 2024 13:01:00,Purchase,-20.00,,0.00033251,,60148.45,20.00,,,,
3cf67a1a-bf7a-f7d0-2347-d16ed23e4766,Jul 27 2024 13:01:22,Deposit,50.00,,,,,,,,,
b3180d38-e62a-7328-71f8-50f6da32780d,Jul 27 2024 13:02:00,Purchase,-50.00,,0.00085094,,58758.79,50.00,,,,
bbe50308-6557-1566-649e-1e74136b9d42,Jul 28 2024 13:01:22,Deposit,100.00,,,,,,,,,
5fc05b15-d325-624d-3d75-8ae56ed5e8a8,Jul 28 2024 13:02:00,Purchase,-100.00,,0.00163020,,61342.32,100.00,,,,
606c9ce2-3417-3fc4-1574-71272a288a45,Jul 29 2024 13:01:22,Deposit,100.00,,,,,,,,,
1df64724-e2d2-ae58-a010-0002a5226f3e,Jul 29 2024 13:02:00,Purchase,-100.00,,0.00168768,,59253.06,100.00,,,,
b104bac3-9985-24f9-f245-91acf1de0110,Jul 30 2024 13:03:22,Deposit,20.00,,,,,,,,,
87cba2b8-4cc3-7d48-7ab1-b95c11f1d67d,Jul 30 2024 13:04:00,Purchase,-20.00,,0.00032893,,60803.47,20.00,,,,
eb054218-13c8-3088-5ff7-6c62c87424c9,Jul 31 2024 13:04:22,Deposit,30.00,,,,,,,,,
59d9507d-4bd6-3982-e1c9-c5bb915c7ba5,Jul 31 2024 13:05:00,Purchase,-30.00,,0.00051476,,58280.14,30.00,,,,
9602fc9d-8907-3b75-8a4e-1a19197666b6,Aug 01 2024 13:02:22,Deposit,20.00,,,,,,,,,
8a3c7432-3ee3-1672-6f64-ca71d122fac3,Aug 01 2024 13:03:00,Purchase,-20.00,,0.00032943,,60711.34,20.00,,,,
ed005600-3ad3-407c-aff8-93d06cbb4129,Aug 02 2024 12:59:22,Deposit,50.00,,,,,,,,,
2393977c-fa04-d655-6427-e8aad228194d,Aug 02 2024 13:00:00,Purchase,-50.00,,0.00083405,,59948.24,50.00,,,,
1b0a7fcd-d133-4d01-616b-cc20c4e2a635,Aug 03 2024 12:59:22,Deposit,20.00,,,,,,,,,
68ab1d5d-3ffd-4689-1379-0e6a97f4d167,Aug 03 2024 13:00:00,Purchase,-20.00,,0.00033501,,59699.24,20.00,,,,
b313be01-b299-50e8-5cdc-9e294bc74a39,Aug 05 2024 13:00:22,Deposit,50.00,,,,,,,,,
09656357-94dc-1d0f-4c3e-d0e56977ab74,Aug 05 2024 13:01:00,Purchase,-50.00,,0.00085710,,58336.43,50.00,,,,
090bd34d-a04c-b4d8-2ccb-d260fd346aa3,Aug 06 2024 13:00:22,Deposit,25.00,,,,,,,,,
868c4798-105f-700d-cc21-3c6226a012c1,Aug 06 2024 13:01:00,Purchase,-25.00,,0.00042224,,59207.43,25.00,,,,
8292a1ed-56ed-41b7-880f-ee9c51e4cd44,Aug 07 2024 13:02:22,Deposit,50.00,,,,,,,,,
b02ffc15-280c-8266-6e72-4ab56bc3e2e0,Aug 07 2024 13:03:00,Purchase,-50.00,,0.00084629,,59081.63,50.00,,,,
653250c3-7d7a-4efb-c366-e299815a14c9,Aug 08 2024 13:03:22,Deposit,25.00,,,,,,,,,
13d8917e-683c-f34e-f552-052f5368d5af,Aug 08 2024 13:04:00,Purchase,-25.00,,0.00040993,,60985.45,25.00,,,,
e7d7735a-d0a7-e0fd-c3ef-1cf7c40b0c42,Aug 09 2024 13:02:22,Deposit,30.00,,,,,,,,,
557ba52c-b0ae-38c4-2524-ace187d90541,Aug 09 2024 13:03:00,Purchase,-30.00,,0.00051542,,58204.89,30.00,,,,
a17d8949-a229-bee1-e2b5-7cecf650e8c2,Aug 10 2024 13:02:22,Deposit,30.00,,,,,,,,,
2effc4df-44a6-f1a0-c57b-180bccae1035,Aug 10 2024 13:03:00,Purchase,-30.00,,0.00051315,,58461.94,30.00,,,,
85ab885c-ec64-b957-48c7-63ac582a5af5,Aug 12 2024 13:03:22,Deposit,30.00,,,,,,,,,
ac55c77a-b373-cbb0-f8ca-0af987069323,Aug 12 2024 13:04:00,Purchase,-30.00,,0.00048903,,61345.76,30.00,,,,
ff516a78-12b6-c92a-9e3a-a6365b6df37d,Aug 13 2024 13:01:22,Deposit,50.00,,,,,,,,,
ea108439-21b5-ec3f-14f0-8b47bc54add1,Aug 13 2024 13:02:00,Purchase,-50.00,,0.00079529,,62869.80,50.00,,,,
adee8954-faa8-adba-9549-32da0401149b,Aug 15 2024 13:00:22,Deposit,50.00,,,,,,,,,
772743aa-260a-af16-d539-99ccf4f7dee9,Aug 15 2024 13:01:00,Purchase,-50.00,,0.00079698,,62737.07,50.00,,,,
d404b5b9-6265-3462-4640-921c027d8f56,Aug 16 2024 13:04:22,Deposit,30.00,,,,,,,,,
eb05fc2e-55bf-ea8b-8f4c-41a42ec73c15,Aug 16 2024 13:05:00,Purchase,-30.00,,0.00050132,,59842.58,30.00,,,,
e3f52e66-e650-a554-6d53-da297475ab76,Aug 16 2024 20:41:22,Deposit,1000.00,,,,,,,,,
a98d3fef-75c9-70a8-8f35-ee055e251a7e,Aug 16 2024 20:42:00,Purchase,-1000.00,,0.01669877,,59884.65,1000.00,,,,
f36fa474-4034-bc16-5118-feeb6bb57c11,Aug 17 2024 13:03:22,Deposit,100.00,,,,,,,,,
60897c2a-3e2b-5620-45b0-296f86160df2,Aug 17 2024 13:04:00,Purchase,-100.00,,0.00160948,,62131.73,100.00,,,,
6f234c14-4365-3ede-4132-33cc345131e4,Aug 18 2024 13:03:22,Deposit,100.00,,,,,,,,,
ae766196-dca6-05e9-3495-3290c4a0a449,Aug 18 2024 13:04:00,Purchase,-100.00,,0.00161591,,61884.81,100.00,,,,
c406bbc2-06b4-f037-e348-6dbabc946082,Aug 19 2024 13:01:22,Deposit,25.00,,,,,,,,,
404f1d3b-5f7f-8151-e2dd-0d74493aa850,Aug 19 2024 13:02:00,Purchase,-25.00,,0.00039245,,63702.55,25.00,,,,
7917130b-cfeb-d92b-ebb9-d578f348ed03,Aug 20 2024 13:04:22,Deposit,25.00,,,,,,,,,
1133160d-73ec-82f5-d103-be3403a1e261,Aug 20 2024 13:05:00,Purchase,-25.00,,0.00039373,,63494.66,25.00,,,,
de371e7a-219b-8f96-c536-00d5bbedd8f0,Aug 21 2024 13:04:22,Deposit,100.00,,,,,,,,,
630a66c5-e8dc-d42b-274f-0118cdd39a02,Aug 21 2024 13:05:00,Purchase,-100.00,,0.00158828,,62961.09,100.00,,,,
31efe381-0872-80a7-2a51-819fcf726ee3,Aug 23 2024 12:59:22,Deposit,30.00,,,,,,,,,
dc93dc34-6f91-ff87-75ad-5693e0285d40,Aug 23 2024 13:00:00,Purchase,-30.00,,0.00049780,,60265.56,30.00,,,,
6e1e532d-1508-327b-e432-e0902c89453e,Aug 26 2024 13:02:22,Deposit,25.00,,,,,,,,,
b7ebe051-081d-faf2-56c2-9c225f85d4ec,Aug 26 2024 13:03:00,Purchase,-25.00,,0.00039042,,64033.40,25.00,,,,
f181b738-2d3b-d1f7-5f97-acb3ec591d9c,Aug 27 2024 13:01:22,Deposit,50.00,,,,,,,,,
c78d08e9-42e0-4a3c-45b7-d84078c71d48,Aug 27 2024 13:02:00,Purchase,-50.00,,0.00082609,,60526.00,50.00,,,,
cf4e2d02-2926-37b5-6d37-6fd0a5718a3c,Aug 28 2024 13:00:22,Deposit,30.00,,,,,,,,,
a05b89f4-833d-a169-80dc-2ff24810ce43,Aug 28 2024 13:01:00,Purchase,-30.00,,0.00048004,,62494.91,30.00,,,,
82e8d37a-5cc8-d7ce-9c92-aa8a133451fb,Aug 29 2024 13:01:22,Deposit,100.00,,,,,,,,,
7c1b32f2-d17c-6da7-d438-ab1cf0109498,Aug 29 2024 13:02:00,Purchase,-100.00,,0.00156098,,64062.49,100.00,,,,
519cc8dd-fd1a-d850-9adb-fea0e9a760d4,Aug 30 2024 13:02:22,Deposit,20.00,,,,,,,,,
7b8cc45d-a913-cab7-10d5-535495edff9c,Aug 30 2024 13:03:00,Purchase,-20.00,,0.00031046,,64420.25,20.00,,,,
4a2c0325-832b-8c10-03fc-ff4625be08e4,Aug 31 2024 13:04:22,Deposit,100.00,,,,,,,,,
d85d2435-1687-fa7d-bc1e-b5b859437a8b,Aug 31 2024 13:05:00,Purchase,-100.00,,0.00161713,,61837.78,100.00,,,,
811d89b9-ea46-2346-4e9f-2eec6795f506,Sep 01 2024 13:03:22,Deposit,30.00,,,,,,,,,
c52fb012-c718-a61c-7a48-7a790132cef9,Sep 01 2024 13:04:00,Purchase,-30.00,,0.00045853,,65425.76,30.00,,,,
2db5888b-88d1-6b2f-6e30-a734e8cd419a,Sep 02 2024 13:01:22,Deposit,50.00,,,,,,,,,
f4f38e48-c712-c858-467e-577343f0c565,Sep 02 2024 13:02:00,Purchase,-50.00,,0.00078595,,63617.63,50.00,,,,
16543130-5750-02ce-dc31-0fc30296bc29,Sep 03 2024 13:04:22,Deposit,100.00,,,,,,,,,
179a721f-8d46-a9da-3106-0ec50b8ace2a,Sep 03 2024 13:05:00,Purchase,-100.00,,0.00159187,,62819.12,100.00,,,,
01ddcd82-20cb-9227-90ea-3c8f10b6dd69,Sep 04 2024 13:04:22,Deposit,30.00,,,,,,,,,
4cc5ce07-d3ff-2b0b-d5be-2ec074024dbe,Sep 04 2024 13:05:00,Purchase,-30.00,,0.00045316,,66202.32,30.00,,,,
5c0920b4-2eba-a3ef-e924-f9c523482c4d,Sep 05 2024 12:59:22,Deposit,50.00,,,,,,,,,
8554fa2e-18b8-43b9-bf1a-d4044bf0012c,Sep 05 2024 13:00:00,Purchase,-50.00,,0.00075590,,66146.66,50.00,,,,
7ad81e56-48f5-5a80-12f5-58e724d2cb0f,Sep 06 2024 13:03:22,Deposit,25.00,,,,,,,,,
21b123b0-5e32-a5d2-1b7e-14611e2da00f,Sep 06 2024 13:04:00,Purchase,-25.00,,0.00039911,,62639.09,25.00,,,,
829a974e-d6db-488f-3d24-f6926218a14b,Sep 07 2024 13:02:22,Deposit,100.00,,,,,,,,,
c752e96b-e87a-4d1c-8d1d-e6789695a7c9,Sep 07 2024 13:03:00,Purchase,-100.00,,0.00158414,,63125.79,100.00,,,,
c41aa1ee-81cb-eab2-bc56-501aa31f9037,Sep 08 2024 13:00:22,Deposit,20.00,,,,,,,,,
323ec304-a9ec-1550-cb7a-8250245eab10,Sep 08 2024 13:01:00,Purchase,-20.00,,0.00030435,,65712.75,20.00,,,,
5d12a3a6-5b8e-a1e9-1f3e-64e1bb07210c,Sep 09 2024 13:02:22,Deposit,20.00,,,,,,,,,
96906308-b416-d192-2937-a5bb7ba41bc2,Sep 09 2024 13:03:00,Purchase,-20.00,,0.00030257,,66100.80,20.00,,,,
11df00cd-12ce-f817-f846-699b700cfec5,Sep 10 2024 13:00:22,Deposit,50.00,,,,,,,,,
aa065b02-f6ca-84c5-93e8-5154779a3201,Sep 10 2024 13:01:00,Purchase,-50.00,,0.00077707,,64344.48,50.00,,,,
1d1b70d8-7043-2cce-7409-aeaea525d95c,Sep 11 2024 13:04:22,Deposit,100.00,,,,,,,,,
177d504e-bb52-8ee0-40e3-2b57056d5352,Sep 11 2024 13:05:00,Purchase,-100.00,,0.00153106,,65314.26,100.00,,,,
b3f0b3d3-3d6b-a2ae-f53c-11a7f62c4f58,Sep 12 2024 13:04:22,Deposit,100.00,,,,,,,,,
a91345f5-0156-9474-4182-88f86432db60,Sep 12 2024 13:05:00,Purchase,-100.00,,0.00152807,,65442.07,100.00,,,,
40416184-744e-fb43-7b61-42da1d8c601b,Sep 13 2024 12:59:22,Deposit,50.00,,,,,,,,,
7eeebc37-4205-2d2f-9c15-6308782cc542,Sep 13 2024 13:00:00,Purchase,-50.00,,0.00075624,,66116.72,50.00,,,,
63df01bc-bdce-1c7c-42cb-b199891edc69,Sep 14 2024 13:01:22,Deposit,20.00,,,,,,,,,
67db09c5-e645-c4d3-2948-6d4aa8431f3d,Sep 14 2024 13:02:00,Purchase,-20.00,,0.00029289,,68286.16,20.00,,,,
4792c876-a749-e5b1-b777-861722bfc0b8,Sep 15 2024 13:02:22,Deposit,25.00,,,,,,,,,
bec8faec-8a6b-7dbf-8ccc-2d68425a9b00,Sep 15 2024 13:03:00,Purchase,-25.00,,0.00037043,,67489.82,25.00,,,,
a92a5c4a-bcc9-e537-0e84-7b385c391867,Sep 17 2024 13:04:22,Deposit,30.00,,,,,,,,,
5d39a961-ed7e-7300-3fb5-432be28a56b8,Sep 17 2024 13:05:00,Purchase,-30.00,,0.00044098,,68030.35,30.00,,,,
5de88f13-f650-da47-eee4-dcad66e03811,Sep 18 2024 12:59:22,Deposit,50.00,,,,,,,,,
b4e20ba1-104f-5429-5ae6-3d09736c2f51,Sep 18 2024 13:00:00,Purchase,-50.00,,0.00076635,,65244.72,50.00,,,,
636cbb4c-505f-7b4b-b674-54e76509bf7b,Sep 19 2024 13:04:22,Deposit,50.00,,,,,,,,,
747dd2b1-fc21-e15c-f356-c130f34c3b75,Sep 19 2024 13:05:00,Purchase,-50.00,,0.00073211,,68296.07,50.00,,,,
2fd88cf6-ae84-4664-4503-984b455bc1c5,Sep 21 2024 13:03:22,Deposit,25.00,,,,,,,,,
a6b1c7f7-2318-cf83-70fa-793a4027c5c1,Sep 21 2024 13:04:00,Purchase,-25.00,,0.00036028,,69390.28,25.00,,,,
9c7fbc2a-8f1b-a825-2b2d-822aad802c6a,Sep 22 2024 13:00:22,Deposit,50.00,,,,,,,,,
efb51f04-085d-502f-3424-9267dceec1f6,Sep 22 2024 13:01:00,Purchase,-50.00,,0.00072273,,69182.25,50.00,,,,
25dff725-4ec0-eafd-b769-632ca960a573,Sep 23 2024 13:01:22,Deposit,25.00,,,,,,,,,
41532b0b-fc89-e9f0-104d-ec99dfc9ee92,Sep 23 2024 13:02:00,Purchase,-25.00,,0.00037567,,66547.89,25.00,,,,
d6cbd18a-10d7-ba7f-61c8-d5ee23b4c7a6,Sep 24 2024 13:01:22,Deposit,25.00,,,,,,,,,
1be05bb3-55ed-6d97-2a9a-cb9dd79a8979,Sep 24 2024 13:02:00,Purchase,-25.00,,0.00036793,,67947.81,25.00,,,,
8293c778-8e97-8d80-5471-ad4f6837530e,Sep 25 2024 13:00:22,Deposit,20.00,,,,,,,,,
4153f1fa-9b69-dbaf-4417-0198d9c24710,Sep 25 2024 13:01:00,Purchase,-20.00,,0.00029588,,67595.47,20.00,,,,
4b3436ea-cbc6-aaf0-d262-8b968acc7227,Sep 26 2024 20:49:22,Deposit,500.00,,,,,,,,,
b16956d5-4176-9e95-8d63-097edc01a48c,Sep 26 2024 20:50:00,Purchase,-500.00,,0.00739967,,67570.60,500.00,,,,
142fe92e-8619-6a14-7b15-58dca5ea5664,Sep 27 2024 12:59:22,Deposit,25.00,,,,,,,,,
470404ac-3660-7076-8dee-23deb0ed4fba,Sep 27 2024 13:00:00,Purchase,-25.00,,0.00035250,,70921.34,25.00,,,,
7158b612-578f-5706-8414-9e202e55491b,Sep 30 2024 13:01:22,Deposit,50.00,,,,,,,,,
1ed8e3ff-a8d3-581c-b7e4-f4a254a1acc9,Sep 30 2024 13:02:00,Purchase,-50.00,,0.00072997,,68496.24,50.00,,,,
847f76e2-5342-213e-17bd-12e1f9174b38,Oct 01 2024 13:00:22,Deposit,50.00,,,,,,,,,
b5a3f355-4fc8-77e5-50b9-443c5ca8c660,Oct 01 2024 13:01:00,Purchase,-50.00,,0.00071166,,70258.15,50.00,,,,
66999e09-fa08-e050-bcb2-a6ef85cd65ad,Oct 02 2024 13:04:22,Deposit,50.00,,,,,,,,,
785effa5-5b40-d2cb-2440-b54932ad614a,Oct 02 2024 13:05:00,Purchase,-50.00,,0.00069825,,71607.27,50.00,,,,
ac7d7e4d-5951-dc2a-80a3-663711875225,Oct 03 2024 12:59:22,Deposit,20.00,,,,,,,,,
4352b93b-4ddf-c903-3a81-c99401c5fef7,Oct 03 2024 13:00:00,Purchase,-20.00,,0.00027831,,71861.05,20.00,,,,
aacc9c93-d469-534d-4526-50921958639f,Oct 04 2024 13:02:22,Deposit,100.00,,,,,,,,,
32fe4d83-5630-17dd-d050-10b65a6c630a,Oct 04 2024 13:03:00,Purchase,-100.00,,0.00140564,,71141.96,100.00,,,,
1a58770b-5d51-1ecd-5ed7-756c66fd2a3c,Oct 05 2024 13:02:22,Deposit,20.00,,,,,,,,,
5ce37d93-0264-5674-37b5-e2fa0cffc31d,Oct 05 2024 13:03:00,Purchase,-20.00,,0.00026518,,75421.87,20.00,,,,
b5038724-eed3-e3bd-79bf-504ccbcc5b34,Oct 06 2024 13:00:22,Deposit,20.00,,,,,,,,,
ae695aa7-8d0e-940e-8f4d-d92ecf00e9f8,Oct 06 2024 13:01:00,Purchase,-20.00,,0.00026602,,75180.96,20.00,,,,
b9c82693-de79-ea6c-3c90-89a05c0a5315,Oct 07 2024 13:03:22,Deposit,50.00,,,,,,,,,
c4e1cc91-0588-b370-61af-97f83bd704eb,Oct 07 2024 13:04:00,Purchase,-50.00,,0.00064517,,77498.59,50.00,,,,
01061bcc-3b60-bc93-86e9-de1f03f5d103,Oct 08 2024 13:03:22,Deposit,50.00,,,,,,,,,
6db31789-9841-cf8a-dcb5-91c443abdf4a,Oct 08 2024 13:04:00,Purchase,-50.00,,0.00065590,,76231.32,50.00,,,,
d55530a7-69e0-8f9f-c99a-b7da5377a0f2,Oct 09 2024 13:02:22,Deposit,20.00,,,,,,,,,
49ab6351-07c4-522f-74ef-5d87baaa5595,Oct 09 2024 13:03:00,Purchase,-20.00,,0.00025933,,77122.51,20.00,,,,
b4a3c3af-b2e2-1a11-b928-ee98f7b6b49e,Oct 11 2024 13:03:22,Deposit,100.00,,,,,,,,,
93e3b9e6-8961-a7f0-7636-d22675d1f52b,Oct 11 2024 13:04:00,Purchase,-100.00,,0.00129933,,76962.61,100.00,,,,
5ff609d5-a2a5-3e9d-a6a7-f133bdf698cf,Oct 12 2024 13:00:22,Deposit,50.00,,,,,,,,,
2fec5c29-76c4-8cd8-a101-31af707a532d,Oct 12 2024 13:01:00,Purchase,-50.00,,0.00061491,,81312.63,50.00,,,,
9959c89e-be5b-fab4-3154-2ee2496e2e0a,Oct 13 2024 13:02:22,Deposit,100.00,,,,,,,,,
98a386df-5c32-5606-ad32-7f28a0053ee1,Oct 13 2024 13:03:00,Purchase,-100.00,,0.00124643,,80229.25,100.00,,,,
ba4dd67b-2a0e-0a64-c033-72074f94ab37,Oct 14 2024 13:04:22,Deposit,30.00,,,,,,,,,
d11a3319-a149-6e6c-2af6-cc4e26bc76b7,Oct 14 2024 13:05:00,Purchase,-30.00,,0.00036165,,82952.63,30.00,,,,
10aad2b9-e72a-cc7f-5bb3-3c97c147ff5e,Oct 18 2024 13:00:22,Deposit,50.00,,,,,,,,,
05dcd0a7-952c-882d-213e-a6a9d81b3160,Oct 18 2024 13:01:00,Purchase,-50.00,,0.00059864,,83523.34,50.00,,,,
4f6084fd-6d43-888e-37a6-0d1dfc80558e,Oct 19 2024 13:03:22,Deposit,30.00,,,,,,,,,
8ab37ae4-f3e8-60d3-3c81-6962f6feb776,Oct 19 2024 13:04:00,Purchase,-30.00,,0.00036262,,82730.32,30.00,,,,
c9fe0837-003b-6d05-4c4b-851825721bee,Oct 20 2024 13:04:22,Deposit,50.00,,,,,,,,,
4088201f-8365-8b72-1f93-448e0f4c8d65,Oct 20 2024 13:05:00,Purchase,-50.00,,0.00058327,,85723.69,50.00,,,,
5b2f9459-0865-d331-169c-d3c61f04ce51,Oct 21 2024 13:01:22,Deposit,50.00,,,,,,,,,
411a7cd4-2b6d-00ae-fa01-3f74a00e6e26,Oct 21 2024 13:02:00,Purchase,-50.00,,0.00058707,,85168.86,50.00,,,,
1e55236c-1f2c-f453-08a8-d3f352f0e897,Oct 24 2024 13:01:22,Deposit,50.00,,,,,,,,,
d1479945-b42c-04a5-6824-089ef5c065db,Oct 24 2024 13:02:00,Purchase,-50.00,,0.00054869,,91126.89,50.00,,,,
a374fd2e-9048-bbb3-c143-33a25dc9d8fd,Oct 25 2024 13:03:22,Deposit,25.00,,,,,,,,,
d46ec108-9e80-7e23-1f94-2d911c6c46a7,Oct 25 2024 13:04:00,Purchase,-25.00,,0.00027870,,89701.32,25.00,,,,
88d8e153-7da8-d540-5256-f40ba0660100,Oct 26 2024 13:03:22,Deposit,50.00,,,,,,,,,
c79ce730-0238-3c00-2c47-4f6ee1c0a92d,Oct 26 2024 13:04:00,Purchase,-50.00,,0.00056524,,88458.72,50.00,,,,
f8c71108-77d3-37e2-32a2-b8a49406802b,Oct 27 2024 13:03:22,Deposit,100.00,,,,,,,,,
6a78dd0e-ac89-8cde-4131-48042447e904,Oct 27 2024 13:04:00,Purchase,-100.00,,0.00111277,,89866.18,100.00,,,,
c41b2f8a-4e7b-6d95-7be0-092534a33d25,Oct 28 2024 13:00:22,Deposit,30.00,,,,,,,,,
ab09c311-e571-8dd0-1247-4e202564d2b2,Oct 28 2024 13:01:00,Purchase,-30.00,,0.00032531,,92219.15,30.00,,,,
408b0fdd-a789-c195-4ed7-9c032a70bf69,Oct 29 2024 13:01:22,Deposit,30.00,,,,,,,,,
f487bd2f-d55a-34e5-ce0c-dcbc4482ede8,Oct 29 2024 13:02:00,Purchase,-30.00,,0.00031531,,95143.13,30.00,,,,
9fe2516b-01d3-9f94-47a8-6919dc4342ad,Oct 29 2024 20:08:22,Deposit,2000.00,,,,,,,,,
8b5b850c-8923-3f62-4e70-d797a9528d0c,Oct 29 2024 20:09:00,Purchase,-2000.00,,0.02095728,,95432.21,2000.00,,,,
c80b3315-25b9-6825-703c-19d07f43c116,Oct 30 2024 12:59:22,Deposit,25.00,,,,,,,,,
5163e122-8106-9f37-3f3e-d13c4b1839ea,Oct 30 2024 13:00:00,Purchase,-25.00,,0.00027234,,91797.47,25.00,,,,
b0326ea7-a530-f5e0-f4e1-7e3d3d03f446,Oct 31 2024 12:59:22,Deposit,100.00,,,,,,,,,
c8ff36fa-71ed-3059-0bbe-10589646c553,Oct 31 2024 13:00:00,Purchase,-100.00,,0.00102735,,97337.71,100.00,,,,
c1ccbe8c-f0ce-b2d3-7b42-a13d94c20f06,Nov 01 2024 13:02:22,Deposit,30.00,,,,,,,,,
6b185963-7499-2700-93d2-0a7143b2cfbc,Nov 01 2024 13:03:00,Purchase,-30.00,,0.00032018,,93696.70,30.00,,,,
9c77a792-20a0-38fd-84fd-3af7aa342efa,Nov 02 2024 13:01:22,Deposit,50.00,,,,,,,,,
347bf3ab-84c1-e57c-0499-db8dee41b2e3,Nov 02 2024 13:02:00,Purchase,-50.00,,0.00053362,,93700.21,50.00,,,,
0e61e3bc-8f7f-163f-a970-5e929ae5c155,Nov 03 2024 13:00:22,Deposit,25.00,,,,,,,,,
a8cc4e59-1edd-840e-c64f-26a6cfd4b46d,Nov 03 2024 13:01:00,Purchase,-25.00,,0.00025670,,97390.08,25.00,,,,
f1d08c75-1ab7-80b0-4f6d-2aed80a6ade1,Nov 05 2024 13:02:22,Deposit,50.00,,,,,,,,,
fefab85d-2078-45f6-c4e6-51554f332ebf,Nov 05 2024 13:03:00,Purchase,-50.00,,0.00051617,,96866.81,50.00,,,,
d3f3d519-5b39-8c71-b53d-065505d0385c,Nov 06 2024 13:00:22,Deposit,50.00,,,,,,,,,
8f21d02e-e062-c6e1-a019-665de588c73e,Nov 06 2024 13:01:00,Purchase,-50.00,,0.00050631,,98754.04,50.00,,,,
58ed7071-ca81-5ba3-774e-5f5253c7b19d,Nov 07 2024 13:01:22,Deposit,100.00,,,,,,,,,
14ddeca5-e59b-6f8b-0e0d-90dfbd051035,Nov 07 2024 13:02:00,Purchase,-100.00,,0.00103876,,96268.81,100.00,,,,
1552b971-8817-55b6-7650-57b214bab137,Nov 08 2024 13:04:22,Deposit,30.00,,,,,,,,,
a9a17c96-6765-97c5-d400-b73488251eac,Nov 08 2024 13:05:00,Purchase,-30.00,,0.00030744,,97579.27,30.00,,,,
a41347fc-62fe-9b85-20c5-826ea345ce27,Nov 09 2024 13:03:22,Deposit,20.00,,,,,,,,,
3fb7c4d8-fa4c-8c34-0d3e-70058a481653,Nov 09 2024 13:04:00,Purchase,-20.00,,0.00021316,,93826.99,20.00,,,,
2b7ab0a3-8643-3971-efe4-8e4b844278a3,Nov 09 2024 16:12:22,Deposit,500.00,,,,,,,,,
509ff1df-c667-5db3-b15a-e9d81ab65adf,Nov 09 2024 16:13:00,Purchase,-500.00,,0.00532964,,93814.89,500.00,,,,
4c508cf4-5b96-ab2c-5555-b035bc59e5d6,Nov 10 2024 13:01:22,Deposit,30.00,,,,,,,,,
85025578-2950-0dc5-e14d-c08a1bd652f9,Nov 10 2024 13:02:00,Purchase,-30.00,,0.00032353,,92727.08,30.00,,,,
10721277-b654-59e2-27c0-1d04ef1ac8c3,Nov 11 2024 13:02:22,Deposit,25.00,,,,,,,,,
d1fd4c96-b00a-7e56-8d2e-d47366d30892,Nov 11 2024 13:03:00,Purchase,-25.00,,0.00025404,,98409.97,25.00,,,,
d9463cb8-936e-5efc-bfd1-d689518d2faa,Nov 12 2024 13:00:22,Deposit,50.00,,,,,,,,,
3e02f659-5159-7e98-82f5-78bda6c8e05b,Nov 12 2024 13:01:00,Purchase,-50.00,,0.00051190,,97675.73,50.00,,,,
9b7c4d18-e56d-8200-a7aa-f852c87a017f,Nov 13 2024 13:01:22,Deposit,20.00,,,,,,,,,
28d19fd3-97e8-86e1-cc2e-bd8de4c7c2b9,Nov 13 2024 13:02:00,Purchase,-20.00,,0.00021722,,92070.98,20.00,,,,
2b114ef5-309a-1ec0-97bd-d1a177e8d760,Nov 14 2024 13:02:22,Deposit,20.00,,,,,,,,,
cfe60cf3-455d-df82-0eda-6a1cf6d695fc,Nov 14 2024 13:03:00,Purchase,-20.00,,0.00021632,,92453.70,20.00,,,,
0aa09443-e18d-2ce0-dc65-12c50f6525f3,Nov 16 2024 13:02:22,Deposit,100.00,,,,,,,,,
4da67e2e-0d98-5c95-0672-7a9039bde0c5,Nov 16 2024 13:03:00,Purchase,-100.00,,0.00105818,,94501.60,100.00,,,,
2ae60b85-8787-142e-3df0-cc873a13c842,Nov 17 2024 13:02:22,Deposit,20.00,,,,,,,,,
a06e13f1-4d91-e160-12e5-c45d599a00e4,Nov 17 2024 13:03:00,Purchase,-20.00,,0.00021043,,95042.10,20.00,,,,
a5e822d0-d3c3-5fcc-4014-073e15d68886,Nov 19 2024 13:04:22,Deposit,30.00,,,,,,,,,
ac58af02-5094-95b6-d024-7eb7058ec17c,Nov 19 2024 13:05:00,Purchase,-30.00,,0.00030806,,97384.23,30.00,,,,
e0497ca4-91bb-7d82-eb80-7c843bef7b8c,Nov 20 2024 13:00:22,Deposit,50.00,,,,,,,,,
d4647d1c-ced9-24b9-f541-85c55d40cdc2,Nov 20 2024 13:01:00,Purchase,-50.00,,0.00053533,,93400.14,50.00,,,,
ed56bc47-6afc-efe5-bd09-37851873a662,Nov 21 2024 13:02:22,Deposit,30.00,,,,,,,,,
44c00029-91ec-4297-1926-9306fa4f41da,Nov 21 2024 13:03:00,Purchase,-30.00,,0.00031198,,96160.02,30.00,,,,
c95490a4-157a-70fd-d38c-41bc402fb70e,Nov 22 2024 13:00:22,Deposit,20.00,,,,,,,,,
dd3daf49-0979-f835-a726-fac301fff652,Nov 22 2024 13:01:00,Purchase,-20.00,,0.00021231,,94203.07,20.00,,,,
fb17d251-4a26-f66e-1695-998e908fd0ed,Nov 24 2024 13:01:22,Deposit,30.00,,,,,,,,,
47a20fda-22f1-b2f7-5b28-bc6812b0bb23,Nov 24 2024 13:02:00,Purchase,-30.00,,0.00032590,,92052.75,30.00,,,,
ae88cb73-c1ff-0190-709a-9380745206cc,Nov 25 2024 13:00:22,Deposit,25.00,,,,,,,,,
517bc80e-04ca-5a2c-9d66-7ad4616e9801,Nov 25 2024 13:01:00,Purchase,-25.00,,0.00025969,,96269.78,25.00,,,,
df1f1513-2972-264c-c33a-8a1a5c7533c1,Nov 26 2024 13:00:22,Deposit,50.00,,,,,,,,,
9e540a7f-0ff8-b89f-1462-e29c2a78dfcd,Nov 26 2024 13:01:00,Purchase,-50.00,,0.00054829,,91192.72,50.00,,,,
4d57ac0b-704c-2904-bfe0-6cc1a1c71cc7,Nov 27 2024 12:59:22,Deposit,25.00,,,,,,,,,
d0b142d8-0306-1351-704b-408a56ebeb73,Nov 27 2024 13:00:00,Purchase,-25.00,,0.00026322,,94976.35,25.00,,,,
5c11d14e-bf9a-8841-a999-a72303cbb699,Nov 28 2024 13:02:22,Deposit,50.00,,,,,,,,,
acc55b43-ff1a-dc07-d3d4-9d0e09e4dc04,Nov 28 2024 13:03:00,Purchase,-50.00,,0.00053884,,92792.63,50.00,,,,
6b2bb02b-602e-72df-3ad1-be1b4589267a,Nov 29 2024 13:03:22,Deposit,100.00,,,,,,,,,
9e81c8b6-3ae1-ae32-cd9c-6dac376af8ec,Nov 29 2024 13:04:00,Purchase,-100.00,,0.00106315,,94059.87,100.00,,,,
0be157ff-2870-3550-bdf7-664f646c9815,Nov 30 2024 13:04:22,Deposit,30.00,,,,,,,,,
4a75cec5-85ef-757a-4147-503802d67589,Nov 30 2024 13:05:00,Purchase,-30.00,,0.00032796,,91475.69,30.00,,,,
469f240f-aa2a-8a4c-1ead-267300c97645,Dec 02 2024 13:01:22,Deposit,50.00,,,,,,,,,
d44feee6-62d1-cc9f-0e06-b17c1aa59492,Dec 02 2024 13:02:00,Purchase,-50.00,,0.00052793,,94710.33,50.00,,,,
1f914f80-dfb5-ded4-b0d5-017c6bc8d29e,Dec 03 2024 13:01:22,Deposit,50.00,,,,,,,,,
8af636f8-28d1-aa09-64dd-964478c34352,Dec 03 2024 13:02:00,Purchase,-50.00,,0.00053345,,93729.15,50.00,,,,
3a9a7800-25ed-5469-f955-acef2446ef1a,Dec 06 2024 13:03:22,Deposit,50.00,,,,,,,,,
92c1c268-bc9e-8c0a-de8c-670e46c3114d,Dec 06 2024 13:04:00,Purchase,-50.00,,0.00052169,,95842.74,50.00,,,,
2cc403da-baed-8afc-aabf-b358fd8001ce,Dec 07 2024 13:03:22,Deposit,100.00,,,,,,,,,
ad491b2d-cb8a-3458-982f-90466dd07af1,Dec 07 2024 13:04:00,Purchase,-100.00,,0.00101543,,98480.73,100.00,,,,
2e07d619-846d-151a-1708-2680d2fff48a,Dec 08 2024 13:03:22,Deposit,100.00,,,,,,,,,
4836bc80-9a1e-6bcf-90af-780a14d05884,Dec 08 2024 13:04:00,Purchase,-100.00,,0.00101976,,98061.85,100.00,,,,
172b4a80-e694-173e-ef9d-ebb392d85604,Dec 09 2024 13:03:22,Deposit,25.00,,,,,,,,,
ac83d577-5d0b-c85e-df96-3e60cc562b22,Dec 09 2024 13:04:00,Purchase,-25.00,,0.00025458,,98199.20,25.00,,,,
e494cba9-d0d4-74e4-7f3e-0457f11da8e1,Dec 10 2024 13:01:22,Deposit,100.00,,,,,,,,,
8eea82ed-faa6-21e6-e2b2-af19bc5c68ed,Dec 10 2024 13:02:00,Purchase,-100.00,,0.00106157,,94199.97,100.00,,,,
6040fc24-7c35-30a2-34c3-40f0cc131e47,Dec 11 2024 12:59:22,Deposit,25.00,,,,,,,,,
f44c778d-9e17-a1df-aed7-6abe0fe73563,Dec 11 2024 13:00:00,Purchase,-25.00,,0.00026643,,93833.79,25.00,,,,
aaa1ae1b-42f7-8881-9b63-2929f1347a16,Dec 12 2024 13:03:22,Deposit,50.00,,,,,,,,,
ce3ac21e-ee14-798b-d98d-f907dd902d64,Dec 12 2024 13:04:00,Purchase,-50.00,,0.00050286,,99431.09,50.00,,,,
af6f63bf-be54-e73c-6142-ab9577592cb2,Dec 13 2024 13:01:22,Deposit,50.00,,,,,,,,,
b87dc0e6-99cf-8c53-bb92-f83d2e0a0552,Dec 13 2024 13:02:00,Purchase,-50.00,,0.00053141,,94089.84,50.00,,,,
3c293798-fc18-6fe9-044c-97604db0c536,Dec 14 2024 13:03:22,Deposit,20.00,,,,,,,,,
dcee3cdd-d204-ac78-5144-478126ed7dfb,Dec 14 2024 13:04:00,Purchase,-20.00,,0.00020046,,99772.55,20.00,,,,
03fe2a49-8c38-9056-7b2e-9cbd94c13c7f,Dec 15 2024 12:59:22,Deposit,30.00,,,,,,,,,
4c62bcab-55fe-c829-106a-05aa26898cf4,Dec 15 2024 13:00:00,Purchase,-30.00,,0.00031287,,95886.29,30.00,,,,
5709f772-8b8c-2bf9-64b2-38eea624090a,Dec 16 2024 13:01:22,Deposit,30.00,,,,,,,,,
97efdd36-1b11-3f72-962a-2287dfd530f2,Dec 16 2024 13:02:00,Purchase,-30.00,,0.00030560,,98166.39,30.00,,,,
e31cad94-ae1d-04d6-72b8-560c115615da,Dec 17 2024 13:03:22,Deposit,25.00,,,,,,,,,
a0a45933-940c-df13-a28a-403cd7644448,Dec 17 2024 13:04:00,Purchase,-25.00,,0.00025053,,99788.26,25.00,,,,
11a74551-bc40-3123-6896-73675b5c3657,Dec 18 2024 13:00:22,Deposit,30.00,,,,,,,,,
8ad9a469-5c99-ed05-8dd6-851b7def78b5,Dec 18 2024 13:01:00,Purchase,-30.00,,0.00030604,,98026.65,30.00,,,,
f7bc2a5c-cba2-8fc5-b71d-d938fb77cb59,Dec 19 2024 13:04:22,Deposit,50.00,,,,,,,,,
e8cda7a6-d4a7-496c-f493-af25ed67a869,Dec 19 2024 13:05:00,Purchase,-50.00,,0.00050094,,99811.78,50.00,,,,
dad70d3c-49f7-2d3b-723c-6e2070f6f4c1,Dec 20 2024 12:59:22,Deposit,30.00,,,,,,,,,
f5038df0-4c86-3439-c69e-c5a845c9bc66,Dec 20 2024 13:00:00,Purchase,-30.00,,0.00030481,,98421.76,30.00,,,,
3e4906c8-235d-c9e2-de0d-76a7313c35b0,Dec 21 2024 13:01:22,Deposit,25.00,,,,,,,,,
3c781267-7886-fdf6-8391-8212df612823,Dec 21 2024 13:02:00,Purchase,-25.00,,0.00024712,,101164.48,25.00,,,,
c0920195-14dd-3c12-1794-368a98416a62,Dec 22 2024 13:04:22,Deposit,100.00,,,,,,,,,
d1f3f36c-12af-32f3-6439-049e0529234e,Dec 22 2024 13:05:00,Purchase,-100.00,,0.00104257,,95916.71,100.00,,,,
9a4f26df-bfc9-d627-21f9-3c395743b912,Dec 24 2024 12:59:22,Deposit,30.00,,,,,,,,,
72a6a1dd-5c2d-8ba5-a5f9-204b9f2e8bdc,Dec 24 2024 13:00:00,Purchase,-30.00,,0.00030465,,98472.71,30.00,,,,
9710b3ad-ebc6-bb94-5e2e-4cc4bcb08c0f,Dec 25 2024 13:01:22,Deposit,50.00,,,,,,,,,
01298370-cd58-1e30-0dd1-83f440fd5633,Dec 25 2024 13:02:00,Purchase,-50.00,,0.00050824,,98377.82,50.00,,,,
b5474455-4908-fa46-b910-8218e37b337b,Dec 26 2024 13:00:22,Deposit,20.00,,,,,,,,,
0a6ae454-0d93-bf1e-7040-20939a792a43,Dec 26 2024 13:01:00,Purchase,-20.00,,0.00020583,,97168.51,20.00,,,,
89fde941-5270-c7bf-07e3-437e87c0aaab,Dec 27 2024 13:03:22,Deposit,50.00,,,,,,,,,
fb90850d-d19b-4d0c-21ca-de77e8be12ca,Dec 27 2024 13:04:00,Purchase,-50.00,,0.00050002,,99995.92,50.00,,,,
4ed27d29-14b7-086f-c5c9-89ef5a095748,Dec 28 2024 12:59:22,Deposit,100.00,,,,,,,,,
5690182e-493a-a7c3-aaae-90c5fc0585be,Dec 28 2024 13:00:00,Purchase,-100.00,,0.00100576,,99426.86,100.00,,,,
17674a9b-572a-4c71-804d-c52e53f95440,Dec 29 2024 13:00:22,Deposit,50.00,,,,,,,,,
92de53b7-5cc6-f0c7-4b16-37519b0541d3,Dec 29 2024 13:01:00,Purchase,-50.00,,0.00048198,,103738.14,50.00,,,,
13776b7f-f210-105a-d3c4-5ac8f2bb90e4,Dec 31 2024 13:00:22,Deposit,100.00,,,,,,,,,
709b6472-cee2-9ac9-e97e-039b632efddd,Dec 31 2024 13:01:00,Purchase,-100.00,,0.00096022,,104142.42,100.00,,,,
