Date,Source,Action,BTC_Amount,USD_Amount,Fees
2017-12-08 19:07:00+00:00,Coinbase,BUY,0.15062232,2000.00,29.80
2017-12-12 09:47:00+00:00,Coinbase,BUY,0.07946480,1000.00,14.90
2017-12-20 13:15:00+00:00,Coinbase,BUY,0.24300349,3000.00,44.70
2017-12-22 12:08:00+00:00,Coinbase,BUY,0.06058028,750.00,11.18
2017-12-28 20:06:00+00:00,Coinbase,BUY,0.04465720,500.00,7.45
2021-01-06 02:37:00+00:00,Coinbase,BUY,0.00278227,100.00,1.49
2021-01-13 05:02:00+00:00,Coinbase,BUY,0.00272136,100.00,1.49
2021-01-20 02:05:00+00:00,Coinbase,BUY,0.00250795,100.00,1.49
2021-01-27 03:14:00+00:00,Coinbase,BUY,0.00221631,100.00,1.49
2021-02-03 02:35:00+00:00,Coinbase,BUY,0.00215331,100.00,1.49
2021-02-10 03:45:00+00:00,Coinbase,BUY,0.00198199,100.00,1.49
2021-02-17 05:14:00+00:00,Coinbase,BUY,0.00192804,100.00,1.49
2021-02-24 05:37:00+00:00,Coinbase,BUY,0.00173742,100.00,1.49
2021-03-03 04:51:00+00:00,Coinbase,BUY,0.00168844,100.00,1.49
2021-03-10 02:48:00+00:00,Coinbase,BUY,0.00169010,100.00,1.49
2021-03-17 03:44:00+00:00,Coinbase,BUY,0.00168587,100.00,1.49
2021-03-24 05:21:00+00:00,Coinbase,BUY,0.00173768,100.00,1.49
2021-03-31 04:09:00+00:00,Coinbase,BUY,0.00168760,100.00,1.49
2021-04-07 03:48:00+00:00,Coinbase,BUY,0.00186230,100.00,1.49
2021-04-14 04:06:00+00:00,Coinbase,BUY,0.00204282,100.00,1.49
2021-04-21 02:24:00+00:00,Coinbase,BUY,0.00233626,100.00,1.49
2021-04-28 02:22:00+00:00,Coinbase,BUY,0.00247432,100.00,1.49
2021-05-05 04:38:00+00:00,Coinbase,BUY,0.00259033,100.00,1.49
2021-05-12 04:51:00+00:00,Coinbase,BUY,0.00271483,100.00,1.49
2021-05-19 02:46:00+00:00,Coinbase,BUY,0.00274747,100.00,1.49
2021-05-26 05:34:00+00:00,Coinbase,BUY,0.00276634,100.00,1.49
2021-06-02 02:59:00+00:00,Coinbase,BUY,0.00270270,100.00,1.49
2021-06-09 05:05:00+00:00,Coinbase,BUY,0.00266536,100.00,1.49
2021-06-16 04:53:00+00:00,Coinbase,BUY,0.00264747,100.00,1.49
2021-06-23 04:36:00+00:00,Coinbase,BUY,0.00243952,100.00,1.49
2021-06-30 03:45:00+00:00,Coinbase,BUY,0.00241686,100.00,1.49
2021-07-07 02:02:00+00:00,Coinbase,BUY,0.00224157,100.00,1.49
2021-07-14 03:49:00+00:00,Coinbase,BUY,0.00227792,100.00,1.49
2021-07-21 04:05:00+00:00,Coinbase,BUY,0.00216612,100.00,1.49
2021-07-28 03:55:00+00:00,Coinbase,BUY,0.00208599,100.00,1.49
2021-08-04 02:24:00+00:00,Coinbase,BUY,0.00211045,100.00,1.49
2021-08-11 04:29:00+00:00,Coinbase,BUY,0.00214129,100.00,1.49
2021-08-18 04:10:00+00:00,Coinbase,BUY,0.00217910,100.00,1.49
2021-08-25 04:22:00+00:00,Coinbase,BUY,0.00216970,100.00,1.49
2021-09-01 03:42:00+00:00,Coinbase,BUY,0.00220643,100.00,1.49
2021-09-08 04:44:00+00:00,Coinbase,BUY,0.00209971,100.00,1.49
2021-09-15 02:38:00+00:00,Coinbase,BUY,0.00190128,100.00,1.49
2021-09-22 03:34:00+00:00,Coinbase,BUY,0.00175359,100.00,1.49
2021-09-29 03:10:00+00:00,Coinbase,BUY,0.00169700,100.00,1.49
2021-10-06 05:24:00+00:00,Coinbase,BUY,0.00162956,100.00,1.49
2021-10-13 04:59:00+00:00,Coinbase,BUY,0.00165229,100.00,1.49
2021-10-20 03:43:00+00:00,Coinbase,BUY,0.00164055,100.00,1.49
2021-10-27 04:53:00+00:00,Coinbase,BUY,0.00172150,100.00,1.49
2021-11-03 02:14:00+00:00,Coinbase,BUY,0.00173810,100.00,1.49
2021-11-10 02:51:00+00:00,Coinbase,BUY,0.00185744,100.00,1.49
2021-11-17 04:25:00+00:00,Coinbase,BUY,0.00187705,100.00,1.49
2021-11-24 04:04:00+00:00,Coinbase,BUY,0.00197934,100.00,1.49
2021-12-01 03:58:00+00:00,Coinbase,BUY,0.00220785,100.00,1.49
2021-12-08 04:13:00+00:00,Coinbase,BUY,0.00220113,100.00,1.49
2021-12-15 05:25:00+00:00,Coinbase,BUY,0.00229126,100.00,1.49
2021-12-22 05:09:00+00:00,Coinbase,BUY,0.00249440,100.00,1.49
2021-12-29 04:08:00+00:00,Coinbase,BUY,0.00249645,100.00,1.49
2022-02-12 21:19:00+00:00,Coinbase,BUY,0.01707324,750.00,11.18
2022-04-19 10:05:00+00:00,Coinbase,BUY,0.05849940,2000.00,29.80
2022-05-14 11:29:00+00:00,Coinbase,BUY,0.01941428,500.00,7.45
2022-11-06 21:43:00+00:00,Coinbase,BUY,0.11744740,2000.00,29.80
2022-12-18 17:16:00+00:00,Coinbase,BUY,0.15022047,3000.00,44.70
2023-08-08 09:57:00+00:00,CashApp,BUY,0.00546299,150.00,2.70
2023-08-08 11:04:00+00:00,CashApp,BUY,0.01092535,300.00,5.40
2023-08-19 16:14:00+00:00,CashApp,BUY,0.03698700,1000.00,18.00
2023-08-25 16:49:00+00:00,CashApp,BUY,0.00744141,200.00,3.60
2023-09-01 09:45:00+00:00,CashApp,BUY,0.09113621,2500.00,45.00
2023-09-18 20:46:00+00:00,CashApp,BUY,0.08025235,2500.00,45.00
2023-09-22 15:35:00+00:00,CashApp,BUY,0.00629721,200.00,3.60
2023-09-23 12:25:00+00:00,CashApp,BUY,0.07774026,2500.00,45.00
2023-10-03 16:15:00+00:00,CashApp,BUY,0.00824344,300.00,5.40
2023-10-13 14:14:00+00:00,Coinbase,BUY,0.02020303,750.00,11.18
2023-10-15 22:33:00+00:00,CashApp,BUY,0.01398648,500.00,9.00
2023-10-17 21:38:00+00:00,CashApp,BUY,0.01313873,500.00,9.00
2023-11-07 16:08:00+00:00,CashApp,BUY,0.06238608,2500.00,45.00
2023-11-17 15:26:00+00:00,Swan,BUY,0.01202405,500.00,4.95
2023-11-19 06:06:00+00:00,Swan,BUY,0.01217819,500.00,4.95
2023-11-21 04:42:00+00:00,Swan,BUY,0.01194369,500.00,4.95
2023-11-28 09:22:00+00:00,Swan,BUY,0.01144221,500.00,4.95
2023-12-19 15:15:00+00:00,CashApp,BUY,0.01163857,500.00,9.00
2024-01-01 13:03:00+00:00,Strike,BUY,0.00238589,100.00,0.00
2024-01-02 13:05:00+00:00,Strike,BUY,0.00045708,20.00,0.00
2024-01-03 13:00:00+00:00,Strike,BUY,0.00058883,25.00,0.00
2024-01-04 13:01:00+00:00,Strike,BUY,0.00116339,50.00,0.00
2024-01-05 13:00:00+00:00,Strike,BUY,0.00115061,50.00,0.00
2024-01-06 13:00:00+00:00,Strike,BUY,0.00044947,20.00,0.00
2024-01-07 13:00:00+00:00,Strike,BUY,0.00044398,20.00,0.00
2024-01-08 13:01:00+00:00,Strike,BUY,0.00108535,50.00,0.00
2024-01-09 13:03:00+00:00,Strike,BUY,0.00042471,20.00,0.00
2024-01-11 13:03:00+00:00,Strike,BUY,0.00062782,30.00,0.00
2024-01-12 13:04:00+00:00,Strike,BUY,0.00209567,100.00,0.00
2024-01-14 13:04:00+00:00,Strike,BUY,0.00204453,100.00,0.00
2024-01-15 13:00:00+00:00,Strike,BUY,0.00039960,20.00,0.00
2024-01-16 13:04:00+00:00,Strike,BUY,0.00048768,25.00,0.00
2024-01-17 13:01:00+00:00,Strike,BUY,0.00040029,20.00,0.00
2024-01-18 13:01:00+00:00,Strike,BUY,0.00098656,50.00,0.00
2024-01-19 13:01:00+00:00,Strike,BUY,0.00095897,50.00,0.00
2024-01-20 13:03:00+00:00,Strike,BUY,0.00190394,100.00,0.00
2024-01-21 13:02:00+00:00,Strike,BUY,0.00046591,25.00,0.00
2024-01-22 13:02:00+00:00,Strike,BUY,0.00088429,50.00,0.00
2024-01-23 13:03:00+00:00,Strike,BUY,0.00054962,30.00,0.00
2024-01-24 13:00:00+00:00,Strike,BUY,0.00087298,50.00,0.00
2024-01-25 13:00:00+00:00,Strike,BUY,0.00034301,20.00,0.00
2024-01-26 13:01:00+00:00,Strike,BUY,0.00051924,30.00,0.00
2024-01-27 13:02:00+00:00,Strike,BUY,0.00052629,30.00,0.00
2024-01-28 13:05:00+00:00,Strike,BUY,0.00052093,30.00,0.00
2024-01-29 13:05:00+00:00,Strike,BUY,0.00081377,50.00,0.00
2024-01-29 20:35:00+00:00,Strike,BUY,0.01621617,1000.00,0.00
2024-01-30 13:00:00+00:00,Strike,BUY,0.00041272,25.00,0.00
2024-01-31 13:05:00+00:00,Strike,BUY,0.00079384,50.00,0.00
2024-02-01 13:01:00+00:00,Strike,BUY,0.00164491,100.00,0.00
2024-02-02 13:02:00+00:00,Strike,BUY,0.00083448,50.00,0.00
2024-02-03 13:00:00+00:00,Strike,BUY,0.00032115,20.00,0.00
2024-02-04 13:00:00+00:00,Strike,BUY,0.00031768,20.00,0.00
2024-02-07 13:04:00+00:00,Strike,BUY,0.00031068,20.00,0.00
2024-02-08 13:05:00+00:00,Strike,BUY,0.00039205,25.00,0.00
2024-02-09 13:04:00+00:00,Strike,BUY,0.00078323,50.00,0.00
2024-02-11 13:00:00+00:00,Strike,BUY,0.00047818,30.00,0.00
2024-02-12 13:00:00+00:00,Strike,BUY,0.00044833,30.00,0.00
2024-02-13 13:03:00+00:00,Strike,BUY,0.00074895,50.00,0.00
2024-02-13 15:38:00+00:00,Coinbase,BUY,0.02949501,2000.00,29.80
2024-02-14 13:01:00+00:00,Strike,BUY,0.00037271,25.00,0.00
2024-02-15 13:03:00+00:00,Strike,BUY,0.00029862,20.00,0.00
2024-02-16 13:03:00+00:00,Strike,BUY,0.00154343,100.00,0.00
2024-02-17 13:02:00+00:00,Strike,BUY,0.00036834,25.00,0.00
2024-02-19 13:01:00+00:00,Strike,BUY,0.00036976,25.00,0.00
2024-02-20 13:02:00+00:00,Strike,BUY,0.00036147,25.00,0.00
2024-02-21 13:03:00+00:00,Strike,BUY,0.00043154,30.00,0.00
2024-02-23 13:04:00+00:00,Strike,BUY,0.00070378,50.00,0.00
2024-02-24 13:02:00+00:00,Strike,BUY,0.00028163,20.00,0.00
2024-02-25 13:01:00+00:00,Strike,BUY,0.00071004,50.00,0.00
2024-02-26 13:00:00+00:00,Strike,BUY,0.00071641,50.00,0.00
2024-02-27 13:02:00+00:00,Strike,BUY,0.00072197,50.00,0.00
2024-02-28 13:03:00+00:00,Strike,BUY,0.00072782,50.00,0.00
2024-02-28 19:19:00+00:00,Coinbase,BUY,0.04295968,3000.00,44.70
2024-03-01 13:04:00+00:00,Strike,BUY,0.00138110,100.00,0.00
2024-03-02 13:05:00+00:00,Strike,BUY,0.00035749,25.00,0.00
2024-03-04 13:02:00+00:00,Strike,BUY,0.00144126,100.00,0.00
2024-03-05 13:02:00+00:00,Strike,BUY,0.00073774,50.00,0.00
2024-03-06 13:03:00+00:00,Strike,BUY,0.00144983,100.00,0.00
2024-03-08 13:05:00+00:00,Strike,BUY,0.00144114,100.00,0.00
2024-03-09 13:02:00+00:00,Strike,BUY,0.00072241,50.00,0.00
2024-03-11 13:04:00+00:00,Strike,BUY,0.00073838,50.00,0.00
2024-03-12 13:03:00+00:00,Strike,BUY,0.00148817,100.00,0.00
2024-03-13 13:05:00+00:00,Strike,BUY,0.00038376,25.00,0.00
2024-03-14 13:05:00+00:00,Strike,BUY,0.00148388,100.00,0.00
2024-03-16 13:02:00+00:00,Strike,BUY,0.00038613,25.00,0.00
2024-03-18 13:04:00+00:00,Strike,BUY,0.00030369,20.00,0.00
2024-03-19 13:04:00+00:00,Strike,BUY,0.00039521,25.00,0.00
2024-03-20 13:03:00+00:00,Strike,BUY,0.00037907,25.00,0.00
2024-03-21 13:00:00+00:00,Strike,BUY,0.00079618,50.00,0.00
2024-03-22 13:05:00+00:00,Strike,BUY,0.00081578,50.00,0.00
2024-03-23 13:00:00+00:00,Strike,BUY,0.00079154,50.00,0.00
2024-03-24 13:04:00+00:00,Strike,BUY,0.00082030,50.00,0.00
2024-03-25 13:03:00+00:00,Strike,BUY,0.00078983,50.00,0.00
2024-03-26 13:03:00+00:00,Strike,BUY,0.00081898,50.00,0.00
2024-03-28 13:01:00+00:00,Strike,BUY,0.00160585,100.00,0.00
2024-03-29 13:03:00+00:00,Strike,BUY,0.00166794,100.00,0.00
2024-03-30 13:05:00+00:00,Strike,BUY,0.00050682,30.00,0.00
2024-03-31 13:04:00+00:00,Strike,BUY,0.00033018,20.00,0.00
2024-04-01 13:05:00+00:00,Strike,BUY,0.00040842,25.00,0.00
2024-04-03 13:03:00+00:00,Strike,BUY,0.00034143,20.00,0.00
2024-04-04 13:04:00+00:00,Strike,BUY,0.00158909,100.00,0.00
2024-04-04 20:36:00+00:00,Strike,BUY,0.01587136,1000.00,0.00
2024-04-05 13:02:00+00:00,Strike,BUY,0.00049847,30.00,0.00
2024-04-05 14:48:00+00:00,Coinbase,BUY,0.01227257,750.00,11.18
2024-04-06 13:03:00+00:00,Strike,BUY,0.00083617,50.00,0.00
2024-04-07 13:04:00+00:00,Strike,BUY,0.00040310,25.00,0.00
2024-04-08 13:03:00+00:00,Strike,BUY,0.00032859,20.00,0.00
2024-04-09 13:03:00+00:00,Strike,BUY,0.00157843,100.00,0.00
2024-04-10 13:01:00+00:00,Strike,BUY,0.00081603,50.00,0.00
2024-04-11 13:04:00+00:00,Strike,BUY,0.00081608,50.00,0.00
2024-04-13 13:01:00+00:00,Strike,BUY,0.00031087,20.00,0.00
2024-04-14 13:03:00+00:00,Strike,BUY,0.00046954,30.00,0.00
2024-04-15 13:02:00+00:00,Strike,BUY,0.00079469,50.00,0.00
2024-04-16 18:03:00+00:00,Strike,BUY,0.01597483,1000.00,0.00
2024-04-17 13:00:00+00:00,Strike,BUY,0.00157927,100.00,0.00
2024-04-19 13:04:00+00:00,Strike,BUY,0.00038162,25.00,0.00
2024-04-20 13:00:00+00:00,Strike,BUY,0.00074838,50.00,0.00
2024-04-21 13:02:00+00:00,Strike,BUY,0.00045558,30.00,0.00
2024-04-22 13:05:00+00:00,Strike,BUY,0.00149666,100.00,0.00
2024-04-23 13:02:00+00:00,Strike,BUY,0.00029865,20.00,0.00
2024-04-24 13:04:00+00:00,Strike,BUY,0.00146818,100.00,0.00
2024-04-25 13:05:00+00:00,Strike,BUY,0.00036712,25.00,0.00
2024-04-26 13:05:00+00:00,Strike,BUY,0.00036737,25.00,0.00
2024-04-27 13:05:00+00:00,Strike,BUY,0.00074623,50.00,0.00
2024-04-28 13:04:00+00:00,Strike,BUY,0.00030375,20.00,0.00
2024-04-29 13:02:00+00:00,Strike,BUY,0.00028965,20.00,0.00
2024-04-30 13:03:00+00:00,Strike,BUY,0.00074923,50.00,0.00
2024-05-01 13:05:00+00:00,Strike,BUY,0.00071743,50.00,0.00
2024-05-02 13:05:00+00:00,Strike,BUY,0.00071991,50.00,0.00
2024-05-03 13:04:00+00:00,Strike,BUY,0.00076905,50.00,0.00
2024-05-04 13:04:00+00:00,Strike,BUY,0.00045853,30.00,0.00
2024-05-05 13:00:00+00:00,Strike,BUY,0.00043883,30.00,0.00
2024-05-06 13:03:00+00:00,Strike,BUY,0.00075800,50.00,0.00
2024-05-07 13:00:00+00:00,Strike,BUY,0.00078411,50.00,0.00
2024-05-09 13:02:00+00:00,Strike,BUY,0.00044656,30.00,0.00
2024-05-10 13:02:00+00:00,Strike,BUY,0.00079040,50.00,0.00
2024-05-10 15:05:00+00:00,Strike,BUY,0.00790618,500.00,0.00
2024-05-11 13:03:00+00:00,Strike,BUY,0.00074257,50.00,0.00
2024-05-12 13:05:00+00:00,Strike,BUY,0.00154110,100.00,0.00
2024-05-13 13:00:00+00:00,Strike,BUY,0.00045764,30.00,0.00
2024-05-14 13:02:00+00:00,Strike,BUY,0.00157396,100.00,0.00
2024-05-15 13:04:00+00:00,Strike,BUY,0.00045259,30.00,0.00
2024-05-16 13:02:00+00:00,Strike,BUY,0.00048416,30.00,0.00
2024-05-17 13:02:00+00:00,Strike,BUY,0.00038526,25.00,0.00
2024-05-18 09:43:00+00:00,Coinbase,BUY,0.00760990,500.00,7.45
2024-05-19 13:05:00+00:00,Strike,BUY,0.00040746,25.00,0.00
2024-05-20 13:02:00+00:00,Strike,BUY,0.00162319,100.00,0.00
2024-05-21 13:04:00+00:00,Strike,BUY,0.00048871,30.00,0.00
2024-05-22 13:02:00+00:00,Strike,BUY,0.00039142,25.00,0.00
2024-05-23 13:05:00+00:00,Strike,BUY,0.00079581,50.00,0.00
2024-05-25 13:01:00+00:00,Strike,BUY,0.00155318,100.00,0.00
2024-05-26 13:00:00+00:00,Strike,BUY,0.00081796,50.00,0.00
2024-05-27 13:02:00+00:00,Strike,BUY,0.00039281,25.00,0.00
2024-05-28 13:03:00+00:00,Strike,BUY,0.00032625,20.00,0.00
2024-05-29 13:00:00+00:00,Strike,BUY,0.00078943,50.00,0.00
2024-05-31 13:02:00+00:00,Strike,BUY,0.00031989,20.00,0.00
2024-06-02 13:04:00+00:00,Strike,BUY,0.00041860,25.00,0.00
2024-06-03 13:03:00+00:00,Strike,BUY,0.00049955,30.00,0.00
2024-06-04 13:02:00+00:00,Strike,BUY,0.00082258,50.00,0.00
2024-06-05 13:05:00+00:00,Strike,BUY,0.00032224,20.00,0.00
2024-06-06 13:01:00+00:00,Strike,BUY,0.00048925,30.00,0.00
2024-06-08 17:44:00+00:00,Strike,BUY,0.03169941,2000.00,0.00
2024-06-09 13:00:00+00:00,Strike,BUY,0.00038693,25.00,0.00
2024-06-10 13:03:00+00:00,Strike,BUY,0.00031515,20.00,0.00
2024-06-11 13:05:00+00:00,Strike,BUY,0.00079967,50.00,0.00
2024-06-12 13:03:00+00:00,Strike,BUY,0.00032078,20.00,0.00
2024-06-13 13:02:00+00:00,Strike,BUY,0.00040699,25.00,0.00
2024-06-15 13:04:00+00:00,Strike,BUY,0.00048675,30.00,0.00
2024-06-16 13:02:00+00:00,Strike,BUY,0.00152796,100.00,0.00
2024-06-17 13:04:00+00:00,Strike,BUY,0.00078812,50.00,0.00
2024-06-18 13:03:00+00:00,Strike,BUY,0.00155082,100.00,0.00
2024-06-19 13:00:00+00:00,Strike,BUY,0.00039725,25.00,0.00
2024-06-20 13:04:00+00:00,Strike,BUY,0.00080355,50.00,0.00
2024-06-21 13:05:00+00:00,Strike,BUY,0.00045356,30.00,0.00
2024-06-22 13:01:00+00:00,Strike,BUY,0.00078160,50.00,0.00
2024-06-23 13:02:00+00:00,Strike,BUY,0.00038485,25.00,0.00
2024-06-24 13:03:00+00:00,Strike,BUY,0.00030936,20.00,0.00
2024-06-25 13:02:00+00:00,Strike,BUY,0.00153267,100.00,0.00
2024-06-27 13:05:00+00:00,Strike,BUY,0.00075835,50.00,0.00
2024-06-28 13:03:00+00:00,Strike,BUY,0.00031255,20.00,0.00
2024-06-29 13:03:00+00:00,Strike,BUY,0.00075838,50.00,0.00
2024-07-01 13:00:00+00:00,Strike,BUY,0.00036660,25.00,0.00
2024-07-02 13:03:00+00:00,Strike,BUY,0.00154619,100.00,0.00
2024-07-05 13:03:00+00:00,Strike,BUY,0.00031445,20.00,0.00
2024-07-05 19:38:00+00:00,Strike,BUY,0.00786917,500.00,0.00
2024-07-06 13:02:00+00:00,Strike,BUY,0.00074545,50.00,0.00
2024-07-06 17:05:00+00:00,Strike,BUY,0.00745906,500.00,0.00
2024-07-07 13:00:00+00:00,Strike,BUY,0.00078168,50.00,0.00
2024-07-08 13:01:00+00:00,Strike,BUY,0.00075446,50.00,0.00
2024-07-09 13:05:00+00:00,Strike,BUY,0.00045827,30.00,0.00
2024-07-10 13:03:00+00:00,Strike,BUY,0.00039527,25.00,0.00
2024-07-12 13:05:00+00:00,Strike,BUY,0.00039012,25.00,0.00
2024-07-13 13:03:00+00:00,Strike,BUY,0.00048501,30.00,0.00
2024-07-14 13:00:00+00:00,Strike,BUY,0.00049263,30.00,0.00
2024-07-15 13:04:00+00:00,Strike,BUY,0.00159292,100.00,0.00
2024-07-17 13:04:00+00:00,Strike,BUY,0.00077833,50.00,0.00
2024-07-18 13:01:00+00:00,Strike,BUY,0.00159325,100.00,0.00
2024-07-19 13:03:00+00:00,Strike,BUY,0.00032637,20.00,0.00
2024-07-20 13:03:00+00:00,Strike,BUY,0.00082308,50.00,0.00
2024-07-21 13:05:00+00:00,Strike,BUY,0.00039734,25.00,0.00
2024-07-23 13:00:00+00:00,Strike,BUY,0.00080251,50.00,0.00
2024-07-24 13:00:00+00:00,Strike,BUY,0.00159901,100.00,0.00
2024-07-25 13:01:00+00:00,Strike,BUY,0.00033743,20.00,0.00
2024-07-26 13:02:00+00:00,Strike,BUY,0.00083128,50.00,0.00
2024-07-27 13:02:00+00:00,Strike,BUY,0.00170187,100.00,0.00
2024-07-28 13:02:00+00:00,Strike,BUY,0.00163020,100.00,0.00
2024-07-29 13:04:00+00:00,Strike,BUY,0.00033754,20.00,0.00
2024-07-30 13:05:00+00:00,Strike,BUY,0.00049339,30.00,0.00
2024-07-31 13:03:00+00:00,Strike,BUY,0.00034317,20.00,0.00
2024-08-01 13:00:00+00:00,Strike,BUY,0.00082357,50.00,0.00
2024-08-02 13:00:00+00:00,Strike,BUY,0.00033362,20.00,0.00
2024-08-03 21:03:00+00:00,Coinbase,BUY,0.00824440,500.00,7.45
2024-08-04 13:01:00+00:00,Strike,BUY,0.00084149,50.00,0.00
2024-08-05 13:01:00+00:00,Strike,BUY,0.00042855,25.00,0.00
2024-08-06 13:03:00+00:00,Strike,BUY,0.00084449,50.00,0.00
2024-08-07 13:04:00+00:00,Strike,BUY,0.00042314,25.00,0.00
2024-08-08 13:03:00+00:00,Strike,BUY,0.00049192,30.00,0.00
2024-08-09 13:03:00+00:00,Strike,BUY,0.00051542,30.00,0.00
2024-08-11 13:04:00+00:00,Strike,BUY,0.00048401,30.00,0.00
2024-08-12 13:02:00+00:00,Strike,BUY,0.00081505,50.00,0.00
2024-08-14 13:01:00+00:00,Strike,BUY,0.00083976,50.00,0.00
2024-08-15 13:05:00+00:00,Strike,BUY,0.00047818,30.00,0.00
2024-08-15 20:42:00+00:00,Strike,BUY,0.01592824,1000.00,0.00
2024-08-16 13:04:00+00:00,Strike,BUY,0.00167105,100.00,0.00
2024-08-17 13:04:00+00:00,Strike,BUY,0.00160948,100.00,0.00
2024-08-18 13:02:00+00:00,Strike,BUY,0.00040398,25.00,0.00
2024-08-19 13:05:00+00:00,Strike,BUY,0.00039245,25.00,0.00
2024-08-20 13:05:00+00:00,Strike,BUY,0.00157494,100.00,0.00
2024-08-22 13:00:00+00:00,Strike,BUY,0.00048623,30.00,0.00
2024-08-25 13:03:00+00:00,Strike,BUY,0.00038751,25.00,0.00
2024-08-26 13:02:00+00:00,Strike,BUY,0.00078084,50.00,0.00
2024-08-27 13:01:00+00:00,Strike,BUY,0.00049566,30.00,0.00
2024-08-28 13:02:00+00:00,Strike,BUY,0.00160013,100.00,0.00
2024-08-29 13:03:00+00:00,Strike,BUY,0.00031219,20.00,0.00
2024-08-30 13:05:00+00:00,Strike,BUY,0.00155230,100.00,0.00
2024-08-31 13:04:00+00:00,Strike,BUY,0.00048514,30.00,0.00
2024-09-01 13:02:00+00:00,Strike,BUY,0.00076423,50.00,0.00
2024-09-01 18:20:00+00:00,Coinbase,BUY,0.03009074,2000.00,29.80
2024-09-02 13:05:00+00:00,Strike,BUY,0.00157188,100.00,0.00
2024-09-03 13:05:00+00:00,Strike,BUY,0.00047756,30.00,0.00
2024-09-04 13:00:00+00:00,Strike,BUY,0.00075527,50.00,0.00
2024-09-05 13:04:00+00:00,Strike,BUY,0.00037794,25.00,0.00
2024-09-06 13:03:00+00:00,Strike,BUY,0.00159645,100.00,0.00
2024-09-07 13:01:00+00:00,Strike,BUY,0.00031683,20.00,0.00
2024-09-08 13:03:00+00:00,Strike,BUY,0.00030435,20.00,0.00
2024-09-09 13:01:00+00:00,Strike,BUY,0.00075642,50.00,0.00
2024-09-10 13:05:00+00:00,Strike,BUY,0.00155412,100.00,0.00
2024-09-11 13:05:00+00:00,Strike,BUY,0.00153106,100.00,0.00
2024-09-12 13:00:00+00:00,Strike,BUY,0.00076404,50.00,0.00
2024-09-13 13:02:00+00:00,Strike,BUY,0.00030249,20.00,0.00
2024-09-14 13:03:00+00:00,Strike,BUY,0.00036611,25.00,0.00
2024-09-16 13:05:00+00:00,Strike,BUY,0.00043968,30.00,0.00
2024-09-17 13:00:00+00:00,Strike,BUY,0.00073497,50.00,0.00
2024-09-18 13:05:00+00:00,Strike,BUY,0.00076634,50.00,0.00
2024-09-20 13:04:00+00:00,Strike,BUY,0.00036539,25.00,0.00
2024-09-21 13:01:00+00:00,Strike,BUY,0.00072057,50.00,0.00
2024-09-22 13:02:00+00:00,Strike,BUY,0.00036136,25.00,0.00
2024-09-23 13:02:00+00:00,Strike,BUY,0.00037567,25.00,0.00
2024-09-24 13:01:00+00:00,Strike,BUY,0.00029434,20.00,0.00
2024-09-25 13:49:00+00:00,Coinbase,BUY,0.01457179,1000.00,14.90
2024-09-25 20:50:00+00:00,Strike,BUY,0.00738864,500.00,0.00
2024-09-26 13:00:00+00:00,Strike,BUY,0.00037040,25.00,0.00
2024-09-29 13:02:00+00:00,Strike,BUY,0.00070291,50.00,0.00
2024-09-30 13:01:00+00:00,Strike,BUY,0.00072997,50.00,0.00
2024-10-01 13:05:00+00:00,Strike,BUY,0.00071164,50.00,0.00
2024-10-02 13:00:00+00:00,Strike,BUY,0.00027931,20.00,0.00
2024-10-03 13:03:00+00:00,Strike,BUY,0.00139154,100.00,0.00
2024-10-04 13:03:00+00:00,Strike,BUY,0.00028113,20.00,0.00
2024-10-05 13:01:00+00:00,Strike,BUY,0.00026518,20.00,0.00
2024-10-06 13:04:00+00:00,Strike,BUY,0.00066505,50.00,0.00
2024-10-07 13:04:00+00:00,Strike,BUY,0.00064517,50.00,0.00
2024-10-08 13:03:00+00:00,Strike,BUY,0.00026236,20.00,0.00
2024-10-10 13:04:00+00:00,Strike,BUY,0.00130888,100.00,0.00
2024-10-11 13:01:00+00:00,Strike,BUY,0.00064968,50.00,0.00
2024-10-12 13:03:00+00:00,Strike,BUY,0.00122980,100.00,0.00
2024-10-13 13:05:00+00:00,Strike,BUY,0.00037392,30.00,0.00
2024-10-17 13:01:00+00:00,Strike,BUY,0.00061267,50.00,0.00
2024-10-18 13:04:00+00:00,Strike,BUY,0.00035917,30.00,0.00
2024-10-19 13:05:00+00:00,Strike,BUY,0.00060437,50.00,0.00
2024-10-20 13:02:00+00:00,Strike,BUY,0.00058328,50.00,0.00
2024-10-23 13:02:00+00:00,Strike,BUY,0.00058050,50.00,0.00
2024-10-24 13:04:00+00:00,Strike,BUY,0.00027434,25.00,0.00
2024-10-25 13:04:00+00:00,Strike,BUY,0.00055741,50.00,0.00
2024-10-26 13:04:00+00:00,Strike,BUY,0.00113047,100.00,0.00
2024-10-27 13:01:00+00:00,Strike,BUY,0.00033384,30.00,0.00
2024-10-28 13:02:00+00:00,Strike,BUY,0.00032531,30.00,0.00
2024-10-28 20:09:00+00:00,Strike,BUY,0.02162162,2000.00,0.00
2024-10-29 13:00:00+00:00,Strike,BUY,0.00026277,25.00,0.00
2024-10-30 13:00:00+00:00,Strike,BUY,0.00108935,100.00,0.00
2024-10-31 13:03:00+00:00,Strike,BUY,0.00030820,30.00,0.00
2024-11-01 13:02:00+00:00,Strike,BUY,0.00053364,50.00,0.00
2024-11-02 13:01:00+00:00,Strike,BUY,0.00026681,25.00,0.00
2024-11-04 13:03:00+00:00,Strike,BUY,0.00051272,50.00,0.00
2024-11-05 13:01:00+00:00,Strike,BUY,0.00051617,50.00,0.00
2024-11-06 13:02:00+00:00,Strike,BUY,0.00101262,100.00,0.00
2024-11-07 13:05:00+00:00,Strike,BUY,0.00031163,30.00,0.00
2024-11-08 13:04:00+00:00,Strike,BUY,0.00020496,20.00,0.00
2024-11-08 16:13:00+00:00,Strike,BUY,0.00512470,500.00,0.00
2024-11-09 13:02:00+00:00,Strike,BUY,0.00031974,30.00,0.00
2024-11-10 13:03:00+00:00,Strike,BUY,0.00026961,25.00,0.00
2024-11-11 13:01:00+00:00,Strike,BUY,0.00050808,50.00,0.00
2024-11-12 13:02:00+00:00,Strike,BUY,0.00020476,20.00,0.00
2024-11-13 13:03:00+00:00,Strike,BUY,0.00021722,20.00,0.00
2024-11-15 13:03:00+00:00,Strike,BUY,0.00108902,100.00,0.00
2024-11-16 13:03:00+00:00,Strike,BUY,0.00021164,20.00,0.00
2024-11-18 13:05:00+00:00,Strike,BUY,0.00032281,30.00,0.00
2024-11-19 13:01:00+00:00,Strike,BUY,0.00051343,50.00,0.00
2024-11-20 13:03:00+00:00,Strike,BUY,0.00032120,30.00,0.00
2024-11-21 13:01:00+00:00,Strike,BUY,0.00020799,20.00,0.00
2024-11-23 13:02:00+00:00,Strike,BUY,0.00032117,30.00,0.00
2024-11-24 13:01:00+00:00,Strike,BUY,0.00027158,25.00,0.00
2024-11-25 13:01:00+00:00,Strike,BUY,0.00051937,50.00,0.00
2024-11-26 13:00:00+00:00,Strike,BUY,0.00027414,25.00,0.00
2024-11-27 13:03:00+00:00,Strike,BUY,0.00052645,50.00,0.00
2024-11-28 13:04:00+00:00,Strike,BUY,0.00107767,100.00,0.00
2024-11-29 13:05:00+00:00,Strike,BUY,0.00031895,30.00,0.00
2024-12-01 13:02:00+00:00,Strike,BUY,0.00052554,50.00,0.00
2024-12-02 13:02:00+00:00,Strike,BUY,0.00052793,50.00,0.00
2024-12-05 13:04:00+00:00,Strike,BUY,0.00053197,50.00,0.00
2024-12-06 13:04:00+00:00,Strike,BUY,0.00104338,100.00,0.00
2024-12-07 13:04:00+00:00,Strike,BUY,0.00101543,100.00,0.00
2024-12-08 13:04:00+00:00,Strike,BUY,0.00025494,25.00,0.00
2024-12-09 13:02:00+00:00,Strike,BUY,0.00101834,100.00,0.00
2024-12-09 17:48:00+00:00,Coinbase,BUY,0.00751962,750.00,11.18
2024-12-10 13:00:00+00:00,Strike,BUY,0.00026539,25.00,0.00
2024-12-11 13:04:00+00:00,Strike,BUY,0.00053285,50.00,0.00
2024-12-12 13:02:00+00:00,Strike,BUY,0.00050286,50.00,0.00
2024-12-13 13:04:00+00:00,Strike,BUY,0.00021256,20.00,0.00
2024-12-14 13:00:00+00:00,Strike,BUY,0.00030069,30.00,0.00
2024-12-15 13:02:00+00:00,Strike,BUY,0.00031287,30.00,0.00
2024-12-16 13:04:00+00:00,Strike,BUY,0.00025467,25.00,0.00
2024-12-17 13:01:00+00:00,Strike,BUY,0.00030064,30.00,0.00
2024-12-18 13:05:00+00:00,Strike,BUY,0.00051006,50.00,0.00
2024-12-19 13:00:00+00:00,Strike,BUY,0.00030057,30.00,0.00
2024-12-20 13:02:00+00:00,Strike,BUY,0.00025401,25.00,0.00
2024-12-21 13:05:00+00:00,Strike,BUY,0.00098848,100.00,0.00
2024-12-23 13:00:00+00:00,Strike,BUY,0.00029553,30.00,0.00
2024-12-24 13:02:00+00:00,Strike,BUY,0.00050775,50.00,0.00
2024-12-25 13:01:00+00:00,Strike,BUY,0.00020330,20.00,0.00
2024-12-26 13:04:00+00:00,Strike,BUY,0.00051457,50.00,0.00
2024-12-27 13:00:00+00:00,Strike,BUY,0.00100005,100.00,0.00
2024-12-28 13:01:00+00:00,Strike,BUY,0.00050288,50.00,0.00
2024-12-30 13:01:00+00:00,Strike,BUY,0.00099833,100.00,0.00
2024-12-31 13:05:00+00:00,Strike,BUY,0.00096022,100.00,0.00
2025-01-01 13:02:00+00:00,Strike,BUY,0.00099452,100.00,0.00
2025-01-02 13:01:00+00:00,Strike,BUY,0.00029067,30.00,0.00
2025-01-03 13:01:00+00:00,Strike,BUY,0.00029519,30.00,0.00
2025-01-04 13:03:00+00:00,Strike,BUY,0.00051865,50.00,0.00
2025-01-05 13:04:00+00:00,Strike,BUY,0.00051861,50.00,0.00
2025-01-07 13:02:00+00:00,Strike,BUY,0.00019833,20.00,0.00
2025-01-08 13:04:00+00:00,Strike,BUY,0.00020150,20.00,0.00
2025-01-09 13:00:00+00:00,Strike,BUY,0.00030664,30.00,0.00
2025-01-11 13:03:00+00:00,Strike,BUY,0.00020796,20.00,0.00
2025-01-12 13:03:00+00:00,Strike,BUY,0.00032542,30.00,0.00
2025-01-13 13:03:00+00:00,Strike,BUY,0.00051396,50.00,0.00
2025-01-14 13:00:00+00:00,Strike,BUY,0.00031001,30.00,0.00
2025-01-15 13:00:00+00:00,Strike,BUY,0.00107373,100.00,0.00
2025-01-16 13:01:00+00:00,Strike,BUY,0.00021415,20.00,0.00
2025-01-17 13:05:00+00:00,Strike,BUY,0.00028100,25.00,0.00
2025-01-18 13:04:00+00:00,Strike,BUY,0.00021458,20.00,0.00
2025-01-21 13:03:00+00:00,Strike,BUY,0.00021821,20.00,0.00
2025-01-22 13:00:00+00:00,Strike,BUY,0.00022774,20.00,0.00
2025-01-23 13:04:00+00:00,Strike,BUY,0.00057834,50.00,0.00
2025-01-24 13:03:00+00:00,Strike,BUY,0.00056939,50.00,0.00
2025-01-25 13:04:00+00:00,Strike,BUY,0.00027646,25.00,0.00
2025-01-26 13:00:00+00:00,Strike,BUY,0.00056347,50.00,0.00
2025-01-27 13:01:00+00:00,Strike,BUY,0.00113982,100.00,0.00
2025-01-28 13:02:00+00:00,Strike,BUY,0.00022592,20.00,0.00
2025-01-29 13:04:00+00:00,Strike,BUY,0.00060396,50.00,0.00
2025-01-29 20:30:00+00:00,Strike,BUY,0.00605100,500.00,0.00
2025-01-30 13:02:00+00:00,Strike,BUY,0.00035774,30.00,0.00
2025-01-31 13:00:00+00:00,Strike,BUY,0.00036301,30.00,0.00
2025-02-01 13:00:00+00:00,Strike,BUY,0.00058015,50.00,0.00
2025-02-02 13:00:00+00:00,Strike,BUY,0.00036386,30.00,0.00
2025-02-03 13:01:00+00:00,Strike,BUY,0.00116173,100.00,0.00
2025-02-04 13:05:00+00:00,Strike,BUY,0.00029805,25.00,0.00
2025-02-06 13:02:00+00:00,Strike,BUY,0.00029226,25.00,0.00
2025-02-08 13:04:00+00:00,Strike,BUY,0.00057636,50.00,0.00
2025-02-09 13:02:00+00:00,Strike,BUY,0.00024548,20.00,0.00
2025-02-11 13:05:00+00:00,Strike,BUY,0.00036208,30.00,0.00
2025-02-12 13:03:00+00:00,Strike,BUY,0.00059911,50.00,0.00
2025-02-13 13:03:00+00:00,Strike,BUY,0.00035973,30.00,0.00
2025-02-14 13:03:00+00:00,Strike,BUY,0.00035694,30.00,0.00
2025-02-15 13:00:00+00:00,Strike,BUY,0.00123384,100.00,0.00
2025-02-16 13:01:00+00:00,Strike,BUY,0.00058809,50.00,0.00
2025-02-18 13:03:00+00:00,Strike,BUY,0.00058794,50.00,0.00
2025-02-20 13:05:00+00:00,Strike,BUY,0.00035670,30.00,0.00
2025-02-21 13:05:00+00:00,Strike,BUY,0.00024947,20.00,0.00
2025-02-22 13:02:00+00:00,Strike,BUY,0.00060214,50.00,0.00
2025-02-23 13:00:00+00:00,Strike,BUY,0.00030111,25.00,0.00
2025-02-24 13:03:00+00:00,Strike,BUY,0.00024487,20.00,0.00
2025-02-25 13:05:00+00:00,Strike,BUY,0.00036380,30.00,0.00
2025-02-26 13:00:00+00:00,Strike,BUY,0.00062603,50.00,0.00
2025-02-27 13:02:00+00:00,Strike,BUY,0.00037221,30.00,0.00
2025-03-01 13:02:00+00:00,Strike,BUY,0.00125229,100.00,0.00
2025-03-02 13:00:00+00:00,Strike,BUY,0.00116462,100.00,0.00
2025-03-03 13:04:00+00:00,Strike,BUY,0.00024463,20.00,0.00
2025-03-04 13:03:00+00:00,Strike,BUY,0.00030033,25.00,0.00
2025-03-05 13:03:00+00:00,Strike,BUY,0.00029200,25.00,0.00
2025-03-06 13:03:00+00:00,Strike,BUY,0.00029465,25.00,0.00
2025-03-07 13:00:00+00:00,Strike,BUY,0.00115618,100.00,0.00
2025-03-08 13:05:00+00:00,Strike,BUY,0.00034358,30.00,0.00
2025-03-09 13:02:00+00:00,Strike,BUY,0.00035846,30.00,0.00
2025-03-10 13:05:00+00:00,Strike,BUY,0.00112523,100.00,0.00
2025-03-11 13:01:00+00:00,Strike,BUY,0.00023982,20.00,0.00
2025-03-12 13:01:00+00:00,Strike,BUY,0.00057516,50.00,0.00
2025-03-12 18:36:00+00:00,Strike,BUY,0.01149171,1000.00,0.00
2025-03-13 13:04:00+00:00,Strike,BUY,0.00028178,25.00,0.00
2025-03-15 13:05:00+00:00,Strike,BUY,0.00058579,50.00,0.00
2025-03-16 13:04:00+00:00,Strike,BUY,0.00022449,20.00,0.00
2025-03-17 13:00:00+00:00,Strike,BUY,0.00057996,50.00,0.00
2025-03-18 13:01:00+00:00,Strike,BUY,0.00057091,50.00,0.00
2025-03-20 13:00:00+00:00,Strike,BUY,0.00022824,20.00,0.00
2025-03-21 13:01:00+00:00,Strike,BUY,0.00033663,30.00,0.00
2025-03-22 13:04:00+00:00,Strike,BUY,0.00033834,30.00,0.00
2025-03-23 13:05:00+00:00,Strike,BUY,0.00055033,50.00,0.00
2025-03-24 13:04:00+00:00,Strike,BUY,0.00055919,50.00,0.00
2025-03-25 13:04:00+00:00,Strike,BUY,0.00052799,50.00,0.00
2025-03-26 13:05:00+00:00,Strike,BUY,0.00055421,50.00,0.00
2025-03-27 13:00:00+00:00,Strike,BUY,0.00021273,20.00,0.00
2025-03-28 13:04:00+00:00,Strike,BUY,0.00032685,30.00,0.00
2025-03-29 13:03:00+00:00,Strike,BUY,0.00055158,50.00,0.00
2025-03-30 13:05:00+00:00,Strike,BUY,0.00054128,50.00,0.00
2025-03-31 13:03:00+00:00,Strike,BUY,0.00025842,25.00,0.00
2025-04-01 13:02:00+00:00,Strike,BUY,0.00052566,50.00,0.00
2025-04-03 13:01:00+00:00,Strike,BUY,0.00032256,30.00,0.00
2025-04-04 13:05:00+00:00,Strike,BUY,0.00032425,30.00,0.00
2025-04-05 13:03:00+00:00,Strike,BUY,0.00025597,25.00,0.00
2025-04-06 13:00:00+00:00,Strike,BUY,0.00030511,30.00,0.00
2025-04-09 13:04:00+00:00,Strike,BUY,0.00051413,50.00,0.00
2025-04-10 13:01:00+00:00,Strike,BUY,0.00031503,30.00,0.00
2025-04-11 13:01:00+00:00,Strike,BUY,0.00025128,25.00,0.00
2025-04-12 13:03:00+00:00,Strike,BUY,0.00030239,30.00,0.00
2025-04-14 13:01:00+00:00,Strike,BUY,0.00024766,25.00,0.00
2025-04-16 13:05:00+00:00,Strike,BUY,0.00098699,100.00,0.00
2025-04-17 13:00:00+00:00,Strike,BUY,0.00048697,50.00,0.00
2025-04-18 13:02:00+00:00,Strike,BUY,0.00050052,50.00,0.00
2025-04-19 13:04:00+00:00,Strike,BUY,0.00050384,50.00,0.00
2025-04-20 13:00:00+00:00,Strike,BUY,0.00049471,50.00,0.00
2025-04-21 13:02:00+00:00,Strike,BUY,0.00048364,50.00,0.00
2025-04-23 13:02:00+00:00,Strike,BUY,0.00048227,50.00,0.00
2025-04-24 13:01:00+00:00,Strike,BUY,0.00047944,50.00,0.00
2025-04-25 13:00:00+00:00,Strike,BUY,0.00019556,20.00,0.00
2025-04-26 13:03:00+00:00,Strike,BUY,0.00048268,50.00,0.00
2025-04-27 13:04:00+00:00,Strike,BUY,0.00023581,25.00,0.00
2025-04-28 13:01:00+00:00,Strike,BUY,0.00049604,50.00,0.00
2025-04-29 13:02:00+00:00,Strike,BUY,0.00048657,50.00,0.00
2025-04-30 13:04:00+00:00,Strike,BUY,0.00049028,50.00,0.00
2025-05-01 13:00:00+00:00,Strike,BUY,0.00028344,30.00,0.00
2025-05-03 13:05:00+00:00,Strike,BUY,0.00098762,100.00,0.00
2025-05-04 13:02:00+00:00,Strike,BUY,0.00098467,100.00,0.00
2025-05-05 13:04:00+00:00,Strike,BUY,0.00024579,25.00,0.00
2025-05-06 13:01:00+00:00,Strike,BUY,0.00048037,50.00,0.00
2025-05-07 13:03:00+00:00,Strike,BUY,0.00023891,25.00,0.00
2025-05-08 13:04:00+00:00,Strike,BUY,0.00093955,100.00,0.00
2025-05-11 13:04:00+00:00,Strike,BUY,0.00048556,50.00,0.00
2025-05-12 13:00:00+00:00,Strike,BUY,0.00094121,100.00,0.00
2025-05-13 13:02:00+00:00,Strike,BUY,0.00095147,100.00,0.00
2025-05-14 13:01:00+00:00,Strike,BUY,0.00048838,50.00,0.00
2025-05-15 13:02:00+00:00,Strike,BUY,0.00094148,100.00,0.00
2025-05-16 13:05:00+00:00,Strike,BUY,0.00093198,100.00,0.00
2025-05-17 13:01:00+00:00,Strike,BUY,0.00027636,30.00,0.00
2025-05-18 13:02:00+00:00,Strike,BUY,0.00028295,30.00,0.00
2025-05-19 13:03:00+00:00,Strike,BUY,0.00028104,30.00,0.00
2025-05-20 13:05:00+00:00,Strike,BUY,0.00028911,30.00,0.00
2025-05-21 13:04:00+00:00,Strike,BUY,0.00047706,50.00,0.00
2025-05-22 13:02:00+00:00,Strike,BUY,0.00023201,25.00,0.00
2025-05-23 13:05:00+00:00,Strike,BUY,0.00019035,20.00,0.00
2025-05-24 13:02:00+00:00,Strike,BUY,0.00095668,100.00,0.00
2025-05-25 13:04:00+00:00,Strike,BUY,0.00027601,30.00,0.00
2025-05-26 13:01:00+00:00,Strike,BUY,0.00018592,20.00,0.00
2025-05-27 13:01:00+00:00,Strike,BUY,0.00018701,20.00,0.00
2025-05-28 13:05:00+00:00,Strike,BUY,0.00023677,25.00,0.00
2025-05-29 13:05:00+00:00,Strike,BUY,0.00047311,50.00,0.00
2025-05-30 13:00:00+00:00,Strike,BUY,0.00046474,50.00,0.00
2025-06-01 13:03:00+00:00,Strike,BUY,0.00045468,50.00,0.00
2025-06-02 13:02:00+00:00,Strike,BUY,0.00027058,30.00,0.00
2025-06-04 13:01:00+00:00,Strike,BUY,0.00045549,50.00,0.00
2025-06-05 13:00:00+00:00,Strike,BUY,0.00022701,25.00,0.00
2025-06-06 13:00:00+00:00,Strike,BUY,0.00044946,50.00,0.00
2025-06-08 13:02:00+00:00,Strike,BUY,0.00017830,20.00,0.00
2025-06-08 18:38:00+00:00,Strike,BUY,0.00445425,500.00,0.00
2025-06-09 13:02:00+00:00,Strike,BUY,0.00027299,30.00,0.00
2025-06-10 13:04:00+00:00,Strike,BUY,0.00045351,50.00,0.00
2025-06-12 13:00:00+00:00,Strike,BUY,0.00026311,30.00,0.00
2025-06-13 13:02:00+00:00,Strike,BUY,0.00089598,100.00,0.00
2025-06-14 13:02:00+00:00,Strike,BUY,0.00045148,50.00,0.00
2025-06-16 13:03:00+00:00,Strike,BUY,0.00045390,50.00,0.00
2025-06-19 13:01:00+00:00,Strike,BUY,0.00017506,20.00,0.00
2025-06-20 13:02:00+00:00,Strike,BUY,0.00026005,30.00,0.00
2025-06-21 13:00:00+00:00,Strike,BUY,0.00026962,30.00,0.00
2025-06-22 13:00:00+00:00,Strike,BUY,0.00089972,100.00,0.00
2025-06-23 13:03:00+00:00,Strike,BUY,0.00088629,100.00,0.00
2025-06-24 13:05:00+00:00,Strike,BUY,0.00025278,30.00,0.00
2025-06-25 13:02:00+00:00,Strike,BUY,0.00025096,30.00,0.00
2025-06-26 13:01:00+00:00,Strike,BUY,0.00043451,50.00,0.00
2025-06-27 13:04:00+00:00,Strike,BUY,0.00025091,30.00,0.00
2025-06-28 13:03:00+00:00,Strike,BUY,0.00041327,50.00,0.00
2025-06-29 13:01:00+00:00,Strike,BUY,0.00086040,100.00,0.00
2025-06-30 13:00:00+00:00,Strike,BUY,0.00041266,50.00,0.00
2025-07-01 13:00:00+00:00,Strike,BUY,0.00042381,50.00,0.00
2025-07-02 13:04:00+00:00,Strike,BUY,0.00021706,25.00,0.00
2025-07-04 13:00:00+00:00,Strike,BUY,0.00083480,100.00,0.00
2025-07-05 13:00:00+00:00,Strike,BUY,0.00042381,50.00,0.00
2025-07-07 13:04:00+00:00,Strike,BUY,0.00017726,20.00,0.00
2025-07-08 13:02:00+00:00,Strike,BUY,0.00083007,100.00,0.00
2025-07-08 16:52:00+00:00,Strike,BUY,0.00415137,500.00,0.00
2025-07-09 13:04:00+00:00,Strike,BUY,0.00017722,20.00,0.00
2025-07-10 13:00:00+00:00,Strike,BUY,0.00044130,50.00,0.00
2025-07-11 13:00:00+00:00,Strike,BUY,0.00042811,50.00,0.00
2025-07-12 13:01:00+00:00,Strike,BUY,0.00084131,100.00,0.00
2025-07-13 13:03:00+00:00,Strike,BUY,0.00026134,30.00,0.00
2025-07-14 13:03:00+00:00,Strike,BUY,0.00043481,50.00,0.00
2025-07-15 13:04:00+00:00,Strike,BUY,0.00021446,25.00,0.00
2025-07-16 13:01:00+00:00,Strike,BUY,0.00042860,50.00,0.00
2025-07-18 13:00:00+00:00,Strike,BUY,0.00026430,30.00,0.00
2025-07-19 13:03:00+00:00,Strike,BUY,0.00044737,50.00,0.00
2025-07-20 13:03:00+00:00,Strike,BUY,0.00025412,30.00,0.00
2025-07-22 13:00:00+00:00,Strike,BUY,0.00086637,100.00,0.00
2025-07-23 13:00:00+00:00,Strike,BUY,0.00021974,25.00,0.00
2025-07-25 13:05:00+00:00,Strike,BUY,0.00017966,20.00,0.00
2025-07-27 13:00:00+00:00,Strike,BUY,0.00022756,25.00,0.00
2025-07-28 13:05:00+00:00,Strike,BUY,0.00045364,50.00,0.00
2025-07-29 13:05:00+00:00,Strike,BUY,0.00026216,30.00,0.00
2025-07-30 13:05:00+00:00,Strike,BUY,0.00043944,50.00,0.00
2025-07-31 13:00:00+00:00,Strike,BUY,0.00045441,50.00,0.00
2025-08-01 13:01:00+00:00,Strike,BUY,0.00086886,100.00,0.00
2025-08-02 13:00:00+00:00,Strike,BUY,0.00026639,30.00,0.00
2025-08-03 13:04:00+00:00,Strike,BUY,0.00026944,30.00,0.00
2025-08-04 13:02:00+00:00,Strike,BUY,0.00045231,50.00,0.00
2025-08-05 13:01:00+00:00,Strike,BUY,0.00022244,25.00,0.00
2025-08-06 13:03:00+00:00,Strike,BUY,0.00018054,20.00,0.00
2025-08-07 13:04:00+00:00,Strike,BUY,0.00043714,50.00,0.00
2025-08-08 13:01:00+00:00,Strike,BUY,0.00026424,30.00,0.00
2025-08-09 13:02:00+00:00,Strike,BUY,0.00017565,20.00,0.00
2025-08-10 13:00:00+00:00,Strike,BUY,0.00026547,30.00,0.00
2025-08-11 13:00:00+00:00,Strike,BUY,0.00017290,20.00,0.00
2025-08-12 13:05:00+00:00,Strike,BUY,0.00090783,100.00,0.00
2025-08-13 13:02:00+00:00,Strike,BUY,0.00026604,30.00,0.00
2025-08-15 13:00:00+00:00,Strike,BUY,0.00090401,100.00,0.00
2025-08-16 13:01:00+00:00,Strike,BUY,0.00090252,100.00,0.00
2025-08-17 13:01:00+00:00,Strike,BUY,0.00043496,50.00,0.00
2025-08-18 13:03:00+00:00,Strike,BUY,0.00044255,50.00,0.00
2025-08-19 13:02:00+00:00,Strike,BUY,0.00042790,50.00,0.00
2025-08-20 13:05:00+00:00,Strike,BUY,0.00044767,50.00,0.00
2025-08-21 13:01:00+00:00,Strike,BUY,0.00027049,30.00,0.00
2025-08-23 13:00:00+00:00,Strike,BUY,0.00026254,30.00,0.00
2025-08-24 13:05:00+00:00,Strike,BUY,0.00042822,50.00,0.00
2025-08-26 13:01:00+00:00,Strike,BUY,0.00043279,50.00,0.00
2025-08-27 13:02:00+00:00,Strike,BUY,0.00026270,30.00,0.00
2025-08-28 13:05:00+00:00,Strike,BUY,0.00090557,100.00,0.00
2025-08-29 13:05:00+00:00,Strike,BUY,0.00025886,30.00,0.00
2025-08-30 13:03:00+00:00,Strike,BUY,0.00022375,25.00,0.00
2025-08-31 13:05:00+00:00,Strike,BUY,0.00016898,20.00,0.00
2025-09-01 13:00:00+00:00,Strike,BUY,0.00085509,100.00,0.00
2025-09-03 13:00:00+00:00,Strike,BUY,0.00088551,100.00,0.00
2025-09-04 13:03:00+00:00,Strike,BUY,0.00026363,30.00,0.00
2025-09-05 13:04:00+00:00,Strike,BUY,0.00042706,50.00,0.00
2025-09-07 13:00:00+00:00,Strike,BUY,0.00043206,50.00,0.00
2025-09-08 13:02:00+00:00,Strike,BUY,0.00018151,20.00,0.00
2025-09-09 13:03:00+00:00,Strike,BUY,0.00022626,25.00,0.00
2025-09-12 13:02:00+00:00,Strike,BUY,0.00045828,50.00,0.00
2025-09-13 13:03:00+00:00,Strike,BUY,0.00043913,50.00,0.00
2025-09-14 13:02:00+00:00,Strike,BUY,0.00087012,100.00,0.00
2025-09-16 13:00:00+00:00,Strike,BUY,0.00017922,20.00,0.00
2025-09-17 13:03:00+00:00,Strike,BUY,0.00017754,20.00,0.00
2025-09-18 13:00:00+00:00,Strike,BUY,0.00043489,50.00,0.00
2025-09-19 13:02:00+00:00,Strike,BUY,0.00043868,50.00,0.00
2025-09-20 13:04:00+00:00,Strike,BUY,0.00018578,20.00,0.00
2025-09-21 13:05:00+00:00,Strike,BUY,0.00044291,50.00,0.00
2025-09-23 13:04:00+00:00,Strike,BUY,0.00046365,50.00,0.00
2025-09-27 13:00:00+00:00,Strike,BUY,0.00027053,30.00,0.00
2025-09-28 13:03:00+00:00,Strike,BUY,0.00088779,100.00,0.00
2025-09-29 13:05:00+00:00,Strike,BUY,0.00023068,25.00,0.00
2025-09-30 13:00:00+00:00,Strike,BUY,0.00045167,50.00,0.00
2025-10-01 13:00:00+00:00,Strike,BUY,0.00045083,50.00,0.00
2025-10-03 13:04:00+00:00,Strike,BUY,0.00047312,50.00,0.00
2025-10-04 13:05:00+00:00,Strike,BUY,0.00027358,30.00,0.00
2025-10-05 13:01:00+00:00,Strike,BUY,0.00029075,30.00,0.00
2025-10-06 13:01:00+00:00,Strike,BUY,0.00093394,100.00,0.00
2025-10-07 13:04:00+00:00,Strike,BUY,0.00027530,30.00,0.00
2025-10-08 13:00:00+00:00,Strike,BUY,0.00027783,30.00,0.00
2025-10-09 13:05:00+00:00,Strike,BUY,0.00024177,25.00,0.00
2025-10-10 13:00:00+00:00,Strike,BUY,0.00019644,20.00,0.00
2025-10-10 16:28:00+00:00,Strike,BUY,0.00983094,1000.00,0.00
2025-10-11 13:00:00+00:00,Strike,BUY,0.00024021,25.00,0.00
2025-10-12 13:04:00+00:00,Strike,BUY,0.00049627,50.00,0.00
2025-10-14 13:04:00+00:00,Strike,BUY,0.00048564,50.00,0.00
2025-10-15 13:00:00+00:00,Strike,BUY,0.00028986,30.00,0.00
2025-10-16 13:05:00+00:00,Strike,BUY,0.00048996,50.00,0.00
2025-10-17 13:04:00+00:00,Strike,BUY,0.00052125,50.00,0.00
2025-10-18 13:01:00+00:00,Strike,BUY,0.00029732,30.00,0.00
2025-10-19 13:00:00+00:00,Strike,BUY,0.00024983,25.00,0.00
2025-10-20 13:03:00+00:00,Strike,BUY,0.00020929,20.00,0.00
2025-10-21 13:05:00+00:00,Strike,BUY,0.00105326,100.00,0.00
2025-10-22 13:03:00+00:00,Strike,BUY,0.00020717,20.00,0.00
2025-10-24 13:03:00+00:00,Strike,BUY,0.00030712,30.00,0.00
2025-10-25 13:05:00+00:00,Strike,BUY,0.00054909,50.00,0.00
2025-10-26 13:05:00+00:00,Strike,BUY,0.00026305,25.00,0.00
2025-10-28 13:05:00+00:00,Strike,BUY,0.00109315,100.00,0.00
2025-10-29 13:01:00+00:00,Strike,BUY,0.00032939,30.00,0.00
2025-10-30 13:03:00+00:00,Strike,BUY,0.00031740,30.00,0.00
2025-10-31 13:04:00+00:00,Strike,BUY,0.00056696,50.00,0.00
2025-11-01 13:00:00+00:00,Strike,BUY,0.00110773,100.00,0.00
2025-11-02 13:03:00+00:00,Strike,BUY,0.00033485,30.00,0.00
2025-11-04 13:05:00+00:00,Strike,BUY,0.00053976,50.00,0.00
2025-11-05 13:02:00+00:00,Strike,BUY,0.00111507,100.00,0.00
2025-11-06 13:03:00+00:00,Strike,BUY,0.00021998,20.00,0.00
2025-11-07 13:04:00+00:00,Strike,BUY,0.00057022,50.00,0.00
2025-11-08 13:05:00+00:00,Strike,BUY,0.00057246,50.00,0.00
2025-11-09 13:02:00+00:00,Strike,BUY,0.00110676,100.00,0.00
2025-11-10 13:05:00+00:00,Strike,BUY,0.00021787,20.00,0.00
2025-11-11 13:05:00+00:00,Strike,BUY,0.00033158,30.00,0.00
2025-11-12 13:04:00+00:00,Strike,BUY,0.00113825,100.00,0.00
2025-11-13 13:02:00+00:00,Strike,BUY,0.00055671,50.00,0.00
2025-11-15 13:04:00+00:00,Strike,BUY,0.00054240,50.00,0.00
2025-11-16 13:02:00+00:00,Strike,BUY,0.00057322,50.00,0.00
2025-11-17 13:05:00+00:00,Strike,BUY,0.00056836,50.00,0.00
2025-11-18 13:03:00+00:00,Strike,BUY,0.00021997,20.00,0.00
2025-11-19 13:00:00+00:00,Strike,BUY,0.00022850,20.00,0.00
2025-11-20 13:02:00+00:00,Strike,BUY,0.00033728,30.00,0.00
2025-11-21 13:04:00+00:00,Strike,BUY,0.00054634,50.00,0.00
2025-11-23 13:00:00+00:00,Strike,BUY,0.00034747,30.00,0.00
2025-11-24 13:00:00+00:00,Strike,BUY,0.00033062,30.00,0.00
2025-11-25 13:01:00+00:00,Strike,BUY,0.00109326,100.00,0.00
2025-11-27 13:03:00+00:00,Strike,BUY,0.00027258,25.00,0.00
2025-11-28 13:01:00+00:00,Strike,BUY,0.00115616,100.00,0.00
2025-11-29 13:05:00+00:00,Strike,BUY,0.00057446,50.00,0.00
2025-11-30 13:03:00+00:00,Strike,BUY,0.00055873,50.00,0.00
2025-11-30 15:13:00+00:00,Strike,BUY,0.01117527,1000.00,0.00
2025-12-01 13:00:00+00:00,Strike,BUY,0.00055993,50.00,0.00
2025-12-02 13:01:00+00:00,Strike,BUY,0.00033881,30.00,0.00
2025-12-03 13:02:00+00:00,Strike,BUY,0.00110633,100.00,0.00
2025-12-04 13:05:00+00:00,Strike,BUY,0.00034282,30.00,0.00
2025-12-05 13:04:00+00:00,Strike,BUY,0.00022726,20.00,0.00
2025-12-06 13:04:00+00:00,Strike,BUY,0.00027441,25.00,0.00
2025-12-07 13:02:00+00:00,Strike,BUY,0.00053791,50.00,0.00
2025-12-08 13:02:00+00:00,Strike,BUY,0.00022827,20.00,0.00
2025-12-11 13:04:00+00:00,Strike,BUY,0.00056607,50.00,0.00
2025-12-12 13:04:00+00:00,Strike,BUY,0.00113206,100.00,0.00
2025-12-13 13:01:00+00:00,Strike,BUY,0.00053065,50.00,0.00
2025-12-14 13:01:00+00:00,Strike,BUY,0.00033662,30.00,0.00
2025-12-15 13:02:00+00:00,Strike,BUY,0.00021758,20.00,0.00
2025-12-17 13:05:00+00:00,Strike,BUY,0.00056124,50.00,0.00
2025-12-18 13:05:00+00:00,Strike,BUY,0.00053085,50.00,0.00
2025-12-20 13:02:00+00:00,Strike,BUY,0.00022039,20.00,0.00
2025-12-21 13:01:00+00:00,Strike,BUY,0.00054798,50.00,0.00
2025-12-22 13:03:00+00:00,Strike,BUY,0.00053710,50.00,0.00
2025-12-23 13:02:00+00:00,Strike,BUY,0.00054294,50.00,0.00
2025-12-24 13:00:00+00:00,Strike,BUY,0.00109633,100.00,0.00
2025-12-25 13:03:00+00:00,Strike,BUY,0.00020969,20.00,0.00
2025-12-26 13:01:00+00:00,Strike,BUY,0.00031067,30.00,0.00
2025-12-28 13:00:00+00:00,Strike,BUY,0.00052419,50.00,0.00
2025-12-30 13:05:00+00:00,Strike,BUY,0.00052356,50.00,0.00
2025-12-31 13:04:00+00:00,Strike,BUY,0.00107636,100.00,0.00
2026-01-01 13:01:00+00:00,Strike,BUY,0.00027144,25.00,0.00
2026-01-02 13:04:00+00:00,Strike,BUY,0.00030419,30.00,0.00
2026-01-04 13:04:00+00:00,Strike,BUY,0.00030825,30.00,0.00
2026-01-05 13:05:00+00:00,Strike,BUY,0.00020304,20.00,0.00
2026-01-06 13:03:00+00:00,Strike,BUY,0.00021382,20.00,0.00
2026-01-07 13:01:00+00:00,Strike,BUY,0.00106816,100.00,0.00
2026-01-08 13:05:00+00:00,Strike,BUY,0.00031153,30.00,0.00
2026-01-09 13:05:00+00:00,Strike,BUY,0.00053008,50.00,0.00
2026-01-10 13:02:00+00:00,Strike,BUY,0.00104234,100.00,0.00
2026-01-11 13:05:00+00:00,Strike,BUY,0.00020583,20.00,0.00
2026-01-12 13:05:00+00:00,Strike,BUY,0.00030394,30.00,0.00
2026-01-13 13:04:00+00:00,Strike,BUY,0.00021121,20.00,0.00
2026-01-14 13:00:00+00:00,Strike,BUY,0.00103558,100.00,0.00
2026-01-15 13:05:00+00:00,Strike,BUY,0.00029574,30.00,0.00
2026-01-16 13:03:00+00:00,Strike,BUY,0.00024825,25.00,0.00
2026-01-17 13:03:00+00:00,Strike,BUY,0.00029686,30.00,0.00
2026-01-18 13:04:00+00:00,Strike,BUY,0.00052394,50.00,0.00
2026-01-19 13:02:00+00:00,Strike,BUY,0.00102087,100.00,0.00
2026-01-21 13:00:00+00:00,Strike,BUY,0.00020105,20.00,0.00
2026-01-23 13:03:00+00:00,Strike,BUY,0.00025472,25.00,0.00
2026-01-24 13:05:00+00:00,Strike,BUY,0.00031015,30.00,0.00
2026-01-25 13:02:00+00:00,Strike,BUY,0.00019532,20.00,0.00
2026-01-26 13:02:00+00:00,Strike,BUY,0.00101916,100.00,0.00
2026-01-28 13:05:00+00:00,Strike,BUY,0.00024359,25.00,0.00
2026-01-30 13:00:00+00:00,Strike,BUY,0.00024402,25.00,0.00
2026-01-31 13:03:00+00:00,Strike,BUY,0.00019472,20.00,0.00
2026-01-31 16:52:00+00:00,Strike,BUY,0.00486639,500.00,0.00
2026-02-01 13:03:00+00:00,Strike,BUY,0.00099529,100.00,0.00
2026-02-03 13:00:00+00:00,Strike,BUY,0.00019636,20.00,0.00
2026-02-04 13:01:00+00:00,Strike,BUY,0.00048337,50.00,0.00
2026-02-05 13:01:00+00:00,Strike,BUY,0.00099965,100.00,0.00
2026-02-08 13:05:00+00:00,Strike,BUY,0.00024520,25.00,0.00
2026-02-10 13:01:00+00:00,Strike,BUY,0.00019740,20.00,0.00
2026-02-12 13:02:00+00:00,Strike,BUY,0.00051615,50.00,0.00
2026-02-15 13:04:00+00:00,Strike,BUY,0.00030506,30.00,0.00
2026-02-16 13:05:00+00:00,Strike,BUY,0.00030163,30.00,0.00
2026-02-17 13:01:00+00:00,Strike,BUY,0.00098619,100.00,0.00
2026-02-18 13:01:00+00:00,Strike,BUY,0.00049602,50.00,0.00
2026-02-19 13:05:00+00:00,Strike,BUY,0.00050192,50.00,0.00
2026-02-20 13:00:00+00:00,Strike,BUY,0.00031212,30.00,0.00
2026-02-22 13:02:00+00:00,Strike,BUY,0.00050499,50.00,0.00
2026-02-23 13:00:00+00:00,Strike,BUY,0.00020116,20.00,0.00
2026-02-25 13:03:00+00:00,Strike,BUY,0.00049800,50.00,0.00
2026-02-26 13:03:00+00:00,Strike,BUY,0.00050025,50.00,0.00
2026-02-28 13:02:00+00:00,Strike,BUY,0.00020928,20.00,0.00
2026-03-01 13:01:00+00:00,Strike,BUY,0.00024808,25.00,0.00
2026-03-02 13:05:00+00:00,Strike,BUY,0.00101101,100.00,0.00
2026-03-04 13:01:00+00:00,Strike,BUY,0.00020384,20.00,0.00
2026-03-05 13:00:00+00:00,Strike,BUY,0.00049170,50.00,0.00
2026-03-07 13:01:00+00:00,Strike,BUY,0.00020209,20.00,0.00
2026-03-07 15:44:00+00:00,Strike,BUY,0.00505130,500.00,0.00
2026-03-09 13:05:00+00:00,Strike,BUY,0.00030548,30.00,0.00
2026-03-11 13:00:00+00:00,Strike,BUY,0.00020602,20.00,0.00
2026-03-12 13:04:00+00:00,Strike,BUY,0.00019717,20.00,0.00
2026-03-13 13:05:00+00:00,Strike,BUY,0.00019617,20.00,0.00
2026-03-14 13:00:00+00:00,Strike,BUY,0.00050332,50.00,0.00
2026-03-16 13:04:00+00:00,Strike,BUY,0.00099575,100.00,0.00
2026-03-17 13:04:00+00:00,Strike,BUY,0.00020326,20.00,0.00
2026-03-18 13:01:00+00:00,Strike,BUY,0.00019834,20.00,0.00
2026-03-19 13:01:00+00:00,Strike,BUY,0.00024184,25.00,0.00
2026-03-20 13:04:00+00:00,Strike,BUY,0.00096126,100.00,0.00
2026-03-21 13:02:00+00:00,Strike,BUY,0.00023911,25.00,0.00
2026-03-22 13:02:00+00:00,Strike,BUY,0.00019997,20.00,0.00
2026-03-25 13:00:00+00:00,Strike,BUY,0.00048297,50.00,0.00
2026-03-26 13:02:00+00:00,Strike,BUY,0.00029111,30.00,0.00
2026-03-27 13:00:00+00:00,Strike,BUY,0.00029752,30.00,0.00
2026-03-28 13:02:00+00:00,Strike,BUY,0.00094459,100.00,0.00
2026-03-29 13:04:00+00:00,Strike,BUY,0.00048305,50.00,0.00
2026-03-30 13:05:00+00:00,Strike,BUY,0.00049200,50.00,0.00
2026-03-31 13:00:00+00:00,Strike,BUY,0.00047481,50.00,0.00
2026-03-31 18:22:00+00:00,Strike,BUY,0.01898435,2000.00,0.00
2026-04-01 13:00:00+00:00,Strike,BUY,0.00028624,30.00,0.00
2026-04-01 19:24:00+00:00,Strike,BUY,0.01907904,2000.00,0.00
2026-04-02 13:00:00+00:00,Strike,BUY,0.00024785,25.00,0.00
2026-04-03 13:03:00+00:00,Strike,BUY,0.00019894,20.00,0.00
2026-04-06 13:03:00+00:00,Strike,BUY,0.00098216,100.00,0.00
2026-04-07 13:05:00+00:00,Strike,BUY,0.00018913,20.00,0.00
2026-04-08 13:05:00+00:00,Strike,BUY,0.00047897,50.00,0.00
2026-04-09 13:03:00+00:00,Strike,BUY,0.00093763,100.00,0.00
2026-04-10 13:02:00+00:00,Strike,BUY,0.00029510,30.00,0.00
2026-04-11 13:05:00+00:00,Strike,BUY,0.00028048,30.00,0.00
2026-04-12 13:00:00+00:00,Strike,BUY,0.00023602,25.00,0.00
2026-04-13 13:00:00+00:00,Strike,BUY,0.00023997,25.00,0.00
2026-04-14 13:02:00+00:00,Strike,BUY,0.00049037,50.00,0.00
2026-04-15 13:01:00+00:00,Strike,BUY,0.00049479,50.00,0.00
2026-04-16 13:00:00+00:00,Strike,BUY,0.00019157,20.00,0.00
2026-04-17 13:05:00+00:00,Strike,BUY,0.00097853,100.00,0.00
2026-04-18 13:02:00+00:00,Strike,BUY,0.00024219,25.00,0.00
2026-04-19 13:02:00+00:00,Strike,BUY,0.00046287,50.00,0.00
2026-04-20 13:02:00+00:00,Strike,BUY,0.00023312,25.00,0.00
2026-04-21 13:03:00+00:00,Strike,BUY,0.00046746,50.00,0.00
2026-04-22 13:03:00+00:00,Strike,BUY,0.00018467,20.00,0.00
2026-04-23 20:49:00+00:00,Strike,BUY,0.00481722,500.00,0.00
2026-04-25 13:05:00+00:00,Strike,BUY,0.00096958,100.00,0.00
2026-04-26 13:00:00+00:00,Strike,BUY,0.00018634,20.00,0.00
2026-04-28 13:00:00+00:00,Strike,BUY,0.00027668,30.00,0.00
2026-04-29 13:00:00+00:00,Strike,BUY,0.00023914,25.00,0.00
2026-04-30 13:05:00+00:00,Strike,BUY,0.00048674,50.00,0.00
2026-05-01 13:03:00+00:00,Strike,BUY,0.00023315,25.00,0.00
2026-05-02 13:02:00+00:00,Strike,BUY,0.00028252,30.00,0.00
2026-05-04 13:05:00+00:00,Strike,BUY,0.00029346,30.00,0.00
2026-05-05 13:03:00+00:00,Strike,BUY,0.00019465,20.00,0.00
2026-05-06 13:03:00+00:00,Strike,BUY,0.00024286,25.00,0.00
2026-05-07 13:01:00+00:00,Strike,BUY,0.00094308,100.00,0.00
2026-05-08 13:00:00+00:00,Strike,BUY,0.00048130,50.00,0.00
2026-05-09 13:04:00+00:00,Strike,BUY,0.00046703,50.00,0.00
2026-05-10 13:02:00+00:00,Strike,BUY,0.00046530,50.00,0.00
2026-05-13 13:03:00+00:00,Strike,BUY,0.00048266,50.00,0.00
2026-05-14 13:01:00+00:00,Strike,BUY,0.00023119,25.00,0.00
